No Cliente,No Cuenta,Nombre Comercial,Razón Social,Monto de Crédito,Días de Crédito,Email,Sucursal,Método de Pago,Términos de Pago,Lista de Precios,RFC,Teléfonos,CP,Municipio,Colonia,No Ext,No Interior,Estado,Localidad,Calle,EntreCalle1,EntreCalle2,Descuento Pactado,Fuente,Vendedor,Notas,Uso CFDI
1335,,DISTRIBUIDORA VECO,DISTRIBUIDORA VECO,0.00,30,d.veco86@gmail.com,Matriz,Efectivo,,A,DVE801126PW5,,36690,Irapuato,LA MODERNA,846,,Guanajuato,"Irapuato,",ANDRES LOPEZ,,,,,,,G01
1003,,SECRETARIA DE SEGURIDAD PUBLICA,SECRETARIA DE SEGURIDAD PUBLICA,0.00,0,presupuestossp@guanajuato.gob.mx,Matriz,Efectivo,,A,GEG850101FQ2,,36554,Irapuato,C,C,,Guanajuato,IRAPUATO,C,,,,,,,G01
1323,,CAISA ZAKIA,"CAISA ZAKIA, SOLUCIONES A LA ORDEN Y PROYECTOS INDUSTRIALES",0.00,0,,Matriz,Efectivo,,A,XAXX010101000,,.,Celaya,.,.,.,Guanajuato,.,.,,,,,,,G01
1321,,CECYTEG CUERAMARO,CECYTEG CUERAMARO,0.00,0,,Matriz,Efectivo,,A,XAXX010101000,,.,Cuerámaro,.,.,.,Guanajuato,Cueramaro,.,,,,,,,G01
1314,,CAISES JUAREZ,CAISES JUAREZ,0.00,0,financieros.jurisvi@gmail.com;maltoledov@guanajuato.gob.mx,Matriz,Efectivo,,A,XAXX010101000,,,,,,,Aguascalientes,,,,,,,,,G01
1334,,PEDRO LUNA CARDENAS,PEDRO LUNA CARDENAS,0.00,30,proyectos_idc@hotmail.com,Matriz,Efectivo,,A,LUCP660223ML6,,36877,Salamanca,CARDENAS,143,,Guanajuato,Salamanca,REVOLUCION,,,,,,,G01
1337,,SISTEMAS ESPECIALIZADOS EN COPIADORAS DIGITALES DE IRAPUATO,SISTEMAS ESPECIALIZADOS EN COPIADORAS DIGITALES DE IRAPUATO,0.00,10,liz.marvic@hotmail.com,Matriz,Efectivo,,A,SEC011030272,,36660,,LAS REYNAS,1141,,Aguascalientes,Irapuato,EJERCITO NACIONAL,,,,,,,G01
1361,,HUGO FLORES SERRANO,HUGO FLORES SERRANO,0.00,0,,Matriz,Efectivo,,A,FOSH641115NHA,,76137,Querétaro,HUERTAS LA JOYA,156,,Querétaro,QUERETARO,LA QUEBRADA,,,,,,,G01
1326,,CECYTEG VILLAS DE BERNALEJO,CECYTEG VILLAS DE BERNALEJO,0.00,0,,Matriz,Efectivo,,A,XAXX010101000,,.,Irapuato,.,.,.,Guanajuato,.,VILLAS DE BERNALEJO,,,,,,,G01
1311,,HOSPITAL MANUEL DOBLADO,HOSPITAL MANUEL DOBLADO,0.00,0,,Matriz,Efectivo,,A,XAXX010101000,,,,,,,Aguascalientes,,,,,,,,,G01
1339,,ARCHIVO GENERAL DEL ESTADO,ARCHIVO GENERAL DEL ESTADO,0.00,45,alexnavat45@gmail.com,Matriz,Efectivo,,A,AGE230712ST5,,36043,Guanajuato,.,1,,Guanajuato,Guanajuato,Alhondiga,,,,,,,G01
1324,,CAISA ZIBATA,"CAISA ZIBATA, SOLUCIONES A LA ORDEN Y PROYECTOS INDUSTRIALES",0.00,0,,Matriz,Efectivo,,A,XAXX010101000,,.,Celaya,.,.,,Guanajuato,.,.,,,,,,,G01
1322,,JURISDICCION SANITARIA VI IRAPUATO,JURISDICCION SANITARIA VI IRAPUATO,0.00,0,,Matriz,Efectivo,,A,XAXX010101000,,.,Irapuato,.,.,.,Guanajuato,Irapuato,.,,,,,,,G01
1362,,POLIMEROS Y DERIVADOS,POLIMEROS Y DERIVADOS,0.00,30,,Matriz,Efectivo,,A,PDE840202R11,,37240,León,Michoacan,213,,Guanajuato,León,Palo Cuarto,,,,,,,G01
1364,,PRODUCTOS LACTEOS VAQUERO,PRODUCTOS LACTEOS VAQUERO,0.00,0,lacteosvaquero2@hotmail.com,Matriz,Efectivo,,A,PLV740330PS9,,25750,Monclova,GUADALUPE,804,,Coahuila,MONCLOVA,MORELIA,,,,,,,G01
1320,,CECYTEG SAN LUIS DE LA PAZ,CECYTEG SAN LUIS DE LA PAZ,0.00,0,martha.montes@cecyteg.edu.mx,Matriz,Efectivo,,A,XAXX010101000,,.,San Luis de la Paz,.,.,.,Guanajuato,San Luis de la Paz,.,,,,,,,G01
1312,,CECYTEG HUANIMARO,CECYTEG HUANIMARO,0.00,0,,Matriz,Efectivo,,A,XAXX010101000,,,,,,,Aguascalientes,,,,,,,,,G01
1340,,INSTITUTO IGNACIO MONTES DE OCA,INSTITUTO IGNACIO MONTES DE OCA,0.00,30,juanangel.gutierrez@iimo.edu.mx,Matriz,Efectivo,,A,IIM6007239R4,,36015,Guanajuato,OTRA NO ESPECIFICADA EN EL CATALOGO,72,,Guanajuato,GUANAJUATO,SAN CLEMENTE ESQ. CON SUBIDA A HACIENDA DE LUNA,,,,,,,G01
1360,,LAURA ADRIANA SOTO RIVERA,LAURA ADRIANA SOTO RIVERA,0.00,0,Carlosfabian_78@hotmail.com,Matriz,Efectivo,,A,SORL8002063P0,,36545,Irapuato,RAFAEL GALVAN,6723,,Guanajuato,Irauato,PASEO SOLIDARIDAD,,,,,,,G01
1319,,CONALEP SILAO SOPEÑA,CONALEP SILAO SOPEÑA,0.00,0,,Matriz,Efectivo,,A,XAXX010101000,,.,Silao,.,.,.,Guanajuato,Silao,.,,,,,,,G01
1356,,AQUA MEX,AQUA MEX,0.00,0,gilcastaeda@gmail.com,Matriz,Efectivo,,A,AME870327T67,,66376,Santa Catarina,EL LECHUGAL,803,,Nuevo León,Santa Catarina,LERDO DE TEJADA ORIENTE,,,,,,,G01
1350,,DRA. ERICKA RAMIREZ,DRA. ERICKA RAMIREZ,0.00,0,,Matriz,Efectivo,,A,XAXX010101000,,,,,,,Aguascalientes,,,,,,,,,G01
1336,,PROCURADURIA AMBIENTAL Y DE ORDENAMIENTO TERRITORIAL DEL ESTADO DE GUANAJUATO,PROCURADURIA AMBIENTAL Y DE ORDENAMIENTO TERRITORIAL DEL ESTADO DE GUANAJUATO,0.00,30,adquisiciones_paot_2021@guanajuato.gob.mx,Matriz,Efectivo,,A,PPA000208JL9,,36747,Salamanca,Guadalupe,1502,,Guanajuato,Salamanca,Faja de Oro,,,,,,,G01
1333,,PRODIFARMA DE MEXICO,PRODIFARMA DE MEXICO,0.00,30,,Matriz,Efectivo,,A,PME120511GY7,,54150,Tlalnepantla de Baz,ACUEDUCTO TENAYUCA,12,,México,TLALNEPANTLA DE BAZ,MIXTECAS,,,,,,,G01
1313,,CONALEP PUERTO INTERIOR,CONALEP PUERTO INTERIOR,0.00,0,,Matriz,Efectivo,,A,XAXX010101000,,,,,,,Aguascalientes,,,,,,,,,G01
1325,,NUADI,NUADI SOLUCIONES A LA ORDEN DE MEXICO,0.00,0,,Matriz,Efectivo,,A,XAXX010101000,,.,Celaya,.,.,,Guanajuato,.,.,,,,,,,G01
1317,,DEPORTIVA NORTE,DEPORTIVA NORTE,0.00,0,,Matriz,Efectivo,,A,XAXX010101000,,.,Irapuato,.,.,,Guanajuato,NORTE,.,,,,,,,G01
1341,,ALMA YADIRA ESPINAL CARRILLO,ALMA YADIRA ESPINAL CARRILLO,0.00,30,facturas.espinal@gmail.com,Matriz,Efectivo,,A,EICA810608EQ6,,36620,Irapuato,Las plazas,560,,Guanajuato,Irapuato,Camino de las carrteas,,,,,,,G01
1010,,OFICINA CENTRAL SOLUCIONES A LA ORDEN DE MEXICO,OFICINA CENTRAL SOLUCIONES A LA ORDEN DE MEXICO,0.00,0,,Matriz,Efectivo,,SOLUCIONES,XAXX010101000,,,,,,,Aguascalientes,,,,,,,,,G01
1358,,"SISTEMA MUNICIPAL DE AGUA POTABLE Y ALCANTARILLADO DE SALVATIERRA, GTO.","SISTEMA MUNICIPAL DE AGUA POTABLE Y ALCANTARILLADO DE SALVATIERRA, GTO.",0.00,0,,Matriz,Efectivo,,A,SMA910220RI6,,38900,Salvatierra,CENTRO,712,,Guanajuato,Salvatierra,MADERO,,,,,,,G03
1328,,ROMAN ACOSTA GARCIA,ROMAN ACOSTA GARCIA,3000.00,15,romanaco87@hotmail.com,Matriz,Efectivo,,A,AOGR660526LD3,,37238,León,LOMAS DE MEDINA,337,,Guanajuato,León,PICOS PARDOS,,,,,,,G03
1009,,ISAPEG,INSTITUTO DE SALUD PUBLICA DEL ESTADO DE GUANAJUATO,0.00,0,,Matriz,Efectivo,,A,ISP961122JV5,,36000,Guanajuato,Zona Centro,4,,Guanajuato,Guanajuato,Tamazuca,,,,,,,G03
1347,,GRUPO IDESA,GRUPO IDESA,3000.00,60,oarellano@idesa.com.mx,Matriz,Efectivo,,A,GID810325PE8,,11000,Miguel Hidalgo,Lomas de Chapultepec III sección,781,,Ciudad de México,Miguel Hidalgo,Paseo de las palmas,,,,,,,G03
1348,,CORTES ESPECIALIZADOS DE PAPEL,CORTES ESPECIALIZADOS DE PAPEL,200.00,30,insumos@cedep.mx,Matriz,Efectivo,,A,CEP080311V65,,38197,Apaseo el Grande,RANCHO NUEVO,KM 377,8,Guanajuato,Apaseo el Grande,CARRETERA ZONA INDUSTRIAL,,,,,,,G03
1357,,RETRYVER,RETRYVER,0.00,0,,Matriz,Efectivo,,A,RET180801G32,,36100,Silao,OTRA NO ESPECIFICADA EN EL CATALOGO,19,,Guanajuato,Silao,CLOUSTER IND LOGISTICS,,,,,,,G03
1343,,PETRAMIN,PETRAMIN,30.00,60,,Matriz,Efectivo,,A,PET8408178K0,,11000,Miguel Hidalgo,Lomas de Chapultepec III Sección,"781, piso 2",,Ciudad de México,Miguel Hidalgo,Avenida Paseo de las Palmas,,,,,,,G03
1352,,MANNY,SOY TU PARTNER,0.00,30,facturassolven@gmail.com,Matriz,Efectivo,,A,STP240420ME9,,36660,Irapuato,Jardines de Irapuato,Edificio 1370,Interior 6,Guanajuato,Irapuato,Blvd. Diaz Ordaz,,,,,,,G03
1344,,JUNTA MUNICIPAL DE AGUA POTABLE Y ALCANTARILLADO DE CELAYA GTO,JUNTA MUNICIPAL DE AGUA POTABLE Y ALCANTARILLADO DE CELAYA GTO,30.00,60,,Matriz,Efectivo,,A,JMA840106356,,38078,Celaya,EL VERGEL,134,,Guanajuato,Celaya,CALLE DIVISION DEL NORTE,,,,,,,G03
1351,,PROCESOS GRAFICOS DEL BAJIO,PROCESOS GRAFICOS DEL BAJIO,0.00,30,aux.compras@cedep.mx,Matriz,Efectivo,,A,PGB160119BK9,,38197,Apaseo el Grande,COLONIA RANCHO NUEVO,KM 377,,Guanajuato,APASEO EL GRANDE,CARRETERA ZONA INDUSTRIAL,,,,,,,G03
1349,,RSB TRANSMISSIONS DE MEXICO,RSB TRANSMISSIONS DE MEXICO,30000.00,30,francisco.zavala@rsbglobal.com,Matriz,Efectivo,,A,RTM100924PA8,,36270,Silao,PARQUEINDUSTRIALYDENEGOCIOSLAS  COLINAS,100,,Guanajuato,Silao,AVENIDAEUCALIPTOS,,,,,,,G03
1346,,LA CANTERA DESARROLLOS MINEROS,LA CANTERA DESARROLLOS MINEROS,30000.00,30,"facturas@mineralacantera.com,carmen@comereco-lab.com,jefe.compras@mineralacantera.com,compras.lascuevas@mineralacantera.com,administracion.lascuevas@mineralacantera.com,almacen.lascuevas@mineralacantera.com,",Matriz,Efectivo,,A,CDM061017NP2,,36250,Guanajuato,BUROCRATAS,KM 6,,Guanajuato,Guanajuato,EUQUERIO GUERRERO,,,,,,,G03
1363,,SECRETARIA DE MEDIO AMBIENTE Y RECURSOS NATURALES COMISION NACIONAL DEL AGUA DIRECCION LOCAL GUANAJUATO,SECRETARIA DE MEDIO AMBIENTE Y RECURSOS NATURALES COMISION NACIONAL DEL AGUA DIRECCION LOCAL GUANAJUATO,0.00,0,"miguel.rodriguez@conagua.gob.mx, evelyn.moreno@conagua.gob.mx",Matriz,Efectivo,,A,SMA060621669,,38110,Celaya,PRIMERA FRACCION DE CRESPO,314,,Guanajuato,"Celaya,",HACIENDA DE SANTIAGO,,,,,,,G03
1006,,H. MATERNO IRAPUATO,H. MATERNO IRAPUATO,0.00,0,mgonzaleza@guanajuato.gob,Matriz,Efectivo,,A,XAXX010101000,,,,,,,Aguascalientes,,,,,,,,,G03
1008,,CONALEP CORTAZAR,CONALEP CORTAZAR,0.00,0,jorge.patinoj@conalepgto.edu.mx,Matriz,Efectivo,,A,CEP991019RR6,,3,Calvillo,C,6,,Aguascalientes,C,C,,,,,,,G03
1002,,CAISES COLON,CAISES COLON,0.00,30,mslopezr@guanajuato.gob.mx,Matriz,Efectivo,,A,ISP961122JV5,,,,,,,,,,,,,,info,,G03
1329,,OMAR GARCIDUEÑAS,INOX INDUSTRIAL MEXICANA,0.00,0,stahladmon@gmail.com,Matriz,Efectivo,,A,IIM130311E39,,36557,Irapuato,LA VALENCIANA,59,,Guanajuato,"Irapuato,,",DEL ORO,,,,,,,G03
1001,,SEROC,SEROC CORRUGADOS,20000.00,20,mgct@gseroc.mx,Matriz,Efectivo,,A,SCO8808179MA,,37490,León,CIUDAD INDUSTRIAL,316,,Guanajuato,"LEON,",BLV. ACABADORES,,,,,ventas,,G03
1121,,ECOTLAN A FAVOR DEL PLANETA,ECOTLAN A FAVOR DEL PLANETA,0.00,30,facturassolven@gmail.com,,Efectivo,,A,EFP221024CZ5,,36580,Irapuato,Guanajuato,100,,Guanajuato,Irapuato,Valenciana,,,0.00,,,,G03
1170,,HOSPITAL SALAMANCA,HOSPITAL SALAMANCA,0.00,30,ispg.0808@guanajuato.gob.mx; hsalamancafinancieros@gmail.com; jorj@live.com,,,,A,XAXX010101000,,,Aguascalientes,.,.,,Aguascalientes,,.,,,0.00,,,,G03
1128,,EVENTUALES IRAPUATO,EVENTUALES IRAPUATO SOL MEX,0.00,30,alejandro.chavez@solucionesalaorden.com,,Efectivo,,A,XAXX010101000,,,Aguascalientes,.,.,,Aguascalientes,,.,,,0.00,,,,G03
1072,,CENTRO FINANCIERO CONTINENTAL SOLMEX,CENTRO FINANCIERO CONTINENTAL SOLMEX,0.00,30,gustavo.conde@solucionesalaorden.com,,,,A,XAXX010101000,,,Aguascalientes,.,.,,Aguascalientes,,.,,,0.00,,,,G03
1029,,CAISES MANUEL DOBLADO,CAISES MANUEL DOBLADO,0.00,30,recursosmaterialeshcmd@guanajuato.gob.mx,,,,A,XAXX010101000,,,Aguascalientes,.,.,,Aguascalientes,,.,,,0.00,,,,G03
1021,,CAISES BENITO JUAREZ IRAPUATO,CAISES BENITO JUAREZ,0.00,30,ispg.0701@guanajuato.gob.mx; financieros.jurisvi@gmail.com; comprasjur6@gmail.com,,,,A,XAXX010101000,,,Aguascalientes,.,.,,Aguascalientes,,.,,,0.00,,,,G03
1075,,CESSA OCAMPO,CESSA OCAMPO,0.00,30,jesica_2411@hotmail.com; ortegabere92@gmail.com; ispg.0701@guanajuato.gob.mx; ereyna1280@gmail.com,,,,A,XAXX010101000,,,Aguascalientes,.,.,,Aguascalientes,,.,,,0.00,,,,G03
1195,,INSTITUTO DE FINANCIAMIENTO E INFORMACION PARA LA EDUCACION,INSTITUTO DE FINANCIAMIENTO E INFORMACION PARA LA EDUCACION,0.00,30,serviciosgenerales@educafin.gob.mx,,,,A,IFI990423FB1,,,Aguascalientes,.,.,,Aguascalientes,,.,,,0.00,,,,G03
1242,,NUCOR,NUCOR SOLUCIONES A LA ORDEN DE MEXICO,0.00,30,gustavo.conde@solucionesalaorden.com,,Efectivo,,A,XAXX010101000,,,Aguascalientes,.,.,,Aguascalientes,,.,,,0.00,,,,G03
1214,,ITES SAN LUIS DE LA PAZ,ITES SAN LUIS DE LA PAZ,0.00,30,martha.vb@irapuato.tecnm.mx; ites.0501@guanajuato.gob.mx,,,,A,XAXX010101000,,,Aguascalientes,.,.,,Aguascalientes,,.,,,0.00,,,,G03
1082,,"COMISION DEL DEPORTE Y ATENCION A LA JUVENTUD DEL MUNICIPIO DE IRAPUATO, GTO.","COMISION DEL DEPORTE Y ATENCION A LA JUVENTUD DEL MUNICIPIO DE IRAPUATO, GTO.",0.00,30,,,,,A,CDA0706221A0,,36612,Irapuato,Ciudad Deportiva,S/N,,Guanajuato,Irapuato,Tulipanes,,,0.00,,,,G03
1249,,PPT PIERBURG,PPT PIERBURG SOLUCIONES A LA ORDEN DE MEXICO,0.00,30,vianeth.vega@solucionesalaorden.com,,Efectivo,,A,XAXX010101000,,,Aguascalientes,.,.,,Aguascalientes,,.,,,0.00,,,,G03
1239,,MUNICIPIO DE IRAPUATO GTO,MUNICIPIO DE IRAPUATO GTO,0.00,30,juan.camacho@irapuato.gob.mx,,Efectivo,,A,MIG850101IZ2,,36500,Irapuato,Zona Centro,S/N,,Guanajuato,,Palacio Municipal,,,0.00,,,,G03
1205,,INSTITUTO TECNOLOGICO SUPERIOR DE IRAPUATO ,INSTITUTO TECNOLOGICO SUPERIOR DE IRAPUATO ,0.00,30,,,Efectivo,,A,ITS951024V73,,36821,Irapuato,EL COPAL,.,,Guanajuato,,CARRETERA IRAPUATO -SILAO KM 12.5,,,0.00,,,,G03
1034,,CAISES ROMITA,CAISES ROMITA,0.00,30,brgarciarangel@guanajuato.gob.mx; gaguilarram@guanajuato.gob.mx,,,,A,XAXX010101000,,,Aguascalientes,.,.,,Aguascalientes,,.,,,0.00,,,,G03
1330,,LA COLMENA,JOANNA ALEJANDRA CARRILLO GONZALEZ,0.00,0,colmena20@hotmail.com,Matriz,Efectivo,,A,CAGJ800505E75,,36612,Irapuato,Ciudad Deportiva,1758,,Guanajuato,Irapuato,Avenida de la Reforma,,,,,,,G03
1315,,SEG PUEBLO NUEVO,SEG PUEBLO NUEVO,0.00,0,,Matriz,Efectivo,,A,XAXX010101000,,,Pueblo Nuevo,n,1,,Guanajuato,Pueblo Nuevo,n,,,,,,,G03
1353,,JUAN ANGEL HERNANDEZ RAZO,JUAN ANGEL HERNANDEZ RAZO,0.00,0,compras@sportbarfanatics.com,Matriz,Efectivo,,A,HERJ8810092Z0,,36620,Irapuato,Ejido Lo de Juarez,13588,,Guanajuato,Irapuato,Avenida Paseo Solidaridad,,,,,,,G03
1318,,CAISES SALVATIERRA,CAISES SALVATIERRA,0.00,0,,Matriz,Efectivo,,A,XAXX010101000,,.,Salvatierra,.,.,.,Guanajuato,.,.,,,,,,,G03
1345,,PASS AUTOMOTIVE MEXICO,PASS AUTOMOTIVE MEXICO,30.00,60,ana.botello@pass-mex.com,Matriz,Efectivo,,A,PAM130308SJ0,,36547,Irapuato,MALVASPARQUEINDUSTRIALAPOLO,km 4.6,,Guanajuato,Irapuato,LIBRAMIENTOLEON-QUERETARO,,,,,,,G03
1354,,NHK SPRING MEXICO,NHK SPRING MEXICO,0.00,30,diego.herrera@nhkspgmx.com,Matriz,Efectivo,,A,NSM130527779,,36810,Irapuato,PARQUETECNOINDUSTRIALCASTRODEL  RIO,462,A,Guanajuato,Irapuato,AV. Rio Ota,,,,,,,G03
1359,,LAURO ANGEL VAZQUEZ JUAREZ,LAURO ANGEL VAZQUEZ JUAREZ,0.00,0,productos.mapi@hotmail.com,Matriz,Efectivo,,A,VAJL691019SA7,,52230,Calimaya,SANTA MARIA,8,,México,,FERNANDO MUCIÑO,,,,,,,G03
1004,,GOBIERNO DEL ESTADO DE GUANAJUATO,GOBIERNO DEL ESTADO DE GUANAJUATO,0.00,45,,Matriz,Efectivo,,A,GEG850101FQ2,,36000,Guanajuato,GUANAJUATO CENTRO,103,,Guanajuato,GUANAJUATO,PASEO DE LA PRESA,,,,,,,G03
1007,,COLEGIO DE EDUCACION PROFESIONAL TECNICA DEL ESTADO DE GUANAJUATO,COLEGIO DE EDUCACION PROFESIONAL TECNICA DEL ESTADO DE GUANAJUATO,0.00,30,,Matriz,Efectivo,,A,CEP991019RR6,,36275,Silao,"Col.  Cd. Industrial Santa Fe, Puerto Interior",201,,Guanajuato,Silao,AV. Mineral de Valenciana,,,,,,,G03
1000,,Público en General,Público en General,0.00,0,,Matriz,Por Definir,NO ESPECIFICADO,A,XAXX010101000,,,Monterrey,,,,Nuevo León,,,,,,,,,G03
1332,,FRAENKISCHE INDUSTRIAL PIPES MEXICO,FRAENKISCHE INDUSTRIAL PIPES MEXICO,0.00,0,"invoice@fraenkische-mx.com, Angel.Perez@fraenkische-mx.com",Matriz,Efectivo,,FRAENKISCHE,FIP110624BY8,,36270,Silao,PARQUE INDUSTRIAL Y DE NEGOCIOS LAS COLINAS,405,,Guanajuato,Silao,AVENIDA PARAISO,,,,,,,G03
1355,,YOSEMITE AUTOMOTRIZ,YOSEMITE AUTOMOTRIZ,0.00,0,tgavinop@yosemite.com.mx,Matriz,Efectivo,,A,YAU920608336,,3340,Benito Juárez,Pedro María Anaya Gral,302,,Ciudad de México,Benito Juarez,Carrillo Puerto,,,,,,,G03
1338,,"JUNTA DE AGUA POTABLE, DRENAJE, ALCANTARILLADO Y SANEAMIENTO DEL MUNICIPIO DE IRAPUATO, GTO.","JUNTA DE AGUA POTABLE, DRENAJE, ALCANTARILLADO Y SANEAMIENTO DEL MUNICIPIO DE IRAPUATO, GTO.",0.00,60,apzavala@japami.gob.mx,Matriz,Efectivo,,A,JAP841102C29,,36559,Irapuato,INDEPENDENCIA,1720,,Guanajuato,"Irapuato,",BLVD. PROLONGACION JUAN JOSE TORRES LANDA,,,,,,,G03
1331,,MED CREW,MARIA CARLOTA MARICELA HERNANDEZ FLORES,0.00,0,valent1n0@hotmail.com,Matriz,Efectivo,,A,HEFC541104AJA,,36612,Irapuato,CIUDAD DEPORTIVA,3288,B,Guanajuato,Irapuato,: ALFONSO RINCON GALLARDO,,,,,,,G03
1055,,CECYTEG OCAMPO,CECYTEG OCAMPO,0.00,30,esther.martinez@cecyteg.edu.mx,,,,A,XAXX010101000,,,Aguascalientes,.,.,,Aguascalientes,,.,,,0.00,,,,G03
1269,,SEG GUANAJUATO,SEG GUANAJUATO,0.00,30,,,,,A,XAXX010101000,,,Aguascalientes,.,.,,Aguascalientes,,.,,,0.00,,,,G03
1093,,CONALEP PENJAMO,CONALEP PENJAMO,0.00,30,alfredo.sancheza@conalepgto.edu.mx,,,,A,XAXX010101000,,,Aguascalientes,.,.,,Aguascalientes,,.,,,0.00,,,,G03
1144,,HOSPITAL ACAMBARO,HOSPITAL ACAMBARO,0.00,30,marriveratf@gmail.com; renevegamendoza@yahoo.com.mx,,,,A,XAXX010101000,,,Aguascalientes,.,.,,Aguascalientes,,.,,,0.00,,,,G03
1250,,PROCESADORA DE CERAMICA DE MEXICO SA DE CV,PROCESADORA DE CERAMICA DE MEXICO SA DE CV,0.00,30,arivas@capizzi.mx,,,,A,PCM850812EY0,4621218066,,Aguascalientes,.,.,,Aguascalientes,,.,,,0.00,,,,G03
1147,,HOSPITAL COMONFORT,HOSPITAL COMONFORT,0.00,30,hccom_recursosmateriales@guanajuato.gob.mx; kriscross_1016@yahoo.com.mx,,,,A,XAXX010101000,,,Aguascalientes,.,.,,Aguascalientes,,.,,,0.00,,,,G03
1303,,UNIVERSIDAD TECNOLOGICA DEL SUROESTE DE GUANAJUATO,UNIVERSIDAD TECNOLOGICA DEL SUROESTE DE GUANAJUATO,0.00,30,smmorales@utsoe.edu.mx,,Efectivo,,A,UTS980928HM6,,38400,Valle de Santiago,.,Km. 1.2,,Guanajuato,,Carr. Valle-Huanímaro,,,0.00,,,,G03
1244,,OFICINA BODEGA COMERECO,OFICINA BODEGA COMERECO,0.00,30,,,,,A,XAXX010101000,,,Aguascalientes,.,.,,Aguascalientes,,.,,,0.00,,,,G03
1196,,INSTITUTO DE INFRAESTRUCTURA FISICA EDUCATIVA DE GUANAJUATO,INSTITUTO DE INFRAESTRUCTURA FISICA EDUCATIVA DE GUANAJUATO,0.00,30,iieg.0101@guanajuato.gob.mx; inifeg.rm@gmail.com,,,,A,IIF081025IR9,,,Aguascalientes,.,.,,Aguascalientes,,.,,,0.00,,,,G03
1225,,Jurisdicción Sanitaria VI,Jurisdicción Sanitaria VI,0.00,30,ispgISPG.0706@guanajuato.gob.mx; maltoledov@guanajuato.gob.mx; comprasjur6@gmail.com,,,,A,XAXX010101000,,,Aguascalientes,.,.,,Aguascalientes,,.,,,0.00,,,,G03
1292,,UNIDAD DE ADQUISICIONES Y SERVICIOS DE APOYO,UNIDAD DE ADQUISICIONES Y SERVICIOS DE APOYO,0.00,30,,,,,A,XAXX010101000,,,Aguascalientes,.,.,,Aguascalientes,,.,,,0.00,,,,G03
1068,,CECYTEG VILLAGRAN,CECYTEG VILLAGRAN,0.00,30,wendy.cornejo@cecyteg.edu.mx,,,,A,XAXX010101000,,,Aguascalientes,.,.,,Aguascalientes,,.,,,0.00,,,,G03
1028,,CAISES JARAL DEL PROGRESO,CAISES JARAL DEL PROGRESO,0.00,30,agallegosm@guanajuato.gob.mx,,,,A,XAXX010101000,,,Aguascalientes,.,.,,Aguascalientes,,.,,,0.00,,,,G03
1257,,SECRETARIA DE DESARROLLO SOCIAL Y HUMANO,SECRETARIA DE DESARROLLO SOCIAL Y HUMANO,0.00,30,mbarrosoo@guanajuato.gob.mx; chlopezc@guanajuato.gob.mx,,,,A,XAXX010101000,,,Aguascalientes,.,.,,Aguascalientes,,.,,,0.00,,,,G03
1044,,CAISES YURIRIA,CAISES YURIRIA,0.00,30,mngordillov@guanajuato.gob.mx,,,,A,XAXX010101000,,,Aguascalientes,.,.,,Aguascalientes,,.,,,0.00,,,,G03
1190,,INE LEON JUNTA 13,INE LEON JUNTA 13,0.00,30,oscar.moralesh@ine.mx; hayil.cruz@ine.mx,,,,A,XAXX010101000,,,Aguascalientes,.,.,,Aguascalientes,,.,,,0.00,,,,G03
1074,,CESSA CUERAMARO,CESSA CUERAMARO,0.00,30,ispg.0706@guanajuato.gob.mx; lpantojal@guanajuato.gob.mx,,,,A,XAXX010101000,,,Aguascalientes,.,.,,Aguascalientes,,.,,,0.00,,,,G03
1134,,Fiscalía General del estado de Guanajuato,Fiscalía General del estado de Guanajuato,0.00,30,gaguinagam@aic.pgjguanajuato.gob.mx; olaram@guanajuato.gob.mx,,,,A,FGE1902202M3,,,Aguascalientes,.,.,,Aguascalientes,,.,,,0.00,,,,G03
1262,,SECRETARIA DE TRANSPARENCIA Y RENDICION DE CUENTAS,SECRETARIA DE TRANSPARENCIA Y RENDICION DE CUENTAS,0.00,30,julio.cervantess@guanajuato.gob.mx; geg.2713@guanajuato.gob.mx,,,,A,XAXX010101000,,,Aguascalientes,.,.,,Aguascalientes,,.,,,0.00,,,,G03
1038,,CAISES SAN FRANCISCO DEL RINCON,CAISES SAN FRANCISCO DEL RINCON,0.00,30,ispg.0708@guanajuato.gob.mx; cadena_2203@hotmail.com; facturascaises-sfr@hotmail.com,,,,A,XAXX010101000,,,Aguascalientes,.,.,,Aguascalientes,,.,,,0.00,,,,G03
1014,,ADMINISTRADORA DE SERVICIOS  DE GUANAJUATO  SA DE CV ,ADMINISTRADORA DE SERVICIOS  DE GUANAJUATO  SA DE CV ,0.00,30,,,,,A,ASG120326I69, ,,Aguascalientes,.,.,,Aguascalientes,,.,,,0.00,,,,G03
1285,,Secretaría de Desarrollo Agroalimentario y Rural,Secretaría de Desarrollo Agroalimentario y Rural,0.00,30,cgarcias@guanajuato.gob.mx,,,,A,XAXX010101000,,,Aguascalientes,.,.,,Aguascalientes,,.,,,0.00,,,,G03
1149,,HOSPITAL DE ESPECIALIDADES PEDIATRICO DE LEON,HOSPITAL DE ESPECIALIDADES PEDIATRICO DE LEON,0.00,30,alornelasca@guanajuato.gob.mx; mzorrillac@guanajuato.gob.mx; compraspediatricoleon@gmail.com; mbarrond@guanajuato.gob.mx,,,,A,XAXX010101000,,,Aguascalientes,.,.,,Aguascalientes,,.,,,0.00,,,,G03
1306,,VERPAKKING,VERPAKKING,0.00,30,administracion@verpakking.mx; mantenimiento@verpakking.mx,,,,A,VER210518U6A,,,Aguascalientes,.,.,,Aguascalientes,,.,,,0.00,,,,G03
1130,,FIDEICOMISO DE INVERSION Y ADMINISTRACION DEL PARQUE GUANAJUATO BICENTENARIO FIDEICOMISO 742584,FIDEICOMISO DE INVERSION Y ADMINISTRACION DEL PARQUE GUANAJUATO BICENTENARIO FIDEICOMISO 742584,0.00,30,cjimenez@guanajuato.gob.mx,,Efectivo,,A,FDI110712HD0,,37125,León,OTRA NO ESPECIFICADA EN EL CATALOGO,304,FORO 4 PISO 12 TORRE SUR,Guanajuato,LEON DE LOS ALDAMA,MANUEL J. CLOUTHIER,,,0.00,,,,G03
1152,,HOSPITAL GENERAL GUANAJUATO,HOSPITAL GENERAL GUANAJUATO,0.00,30,ispg.0805@guanajuato.gob.mx; consuelorodriguezbarroso@gmail.com; francojtp@gmail.com,,,,A,XAXX010101000,,,Aguascalientes,.,.,,Aguascalientes,,.,,,0.00,,,,G03
1106,,CENTRO DE EVALUACION Y CONTROL DE CONFIANZA DEL ESTADO DE GUANAJUATO,CENTRO DE EVALUACION Y CONTROL DE CONFIANZA DEL ESTADO DE GUANAJUATO,0.00,30,maflorespe@guanajuato.gob.mx,,Efectivo,,A,CEC090101MGA,,37680,León,LOS RAMIREZ,KM 7.5,,Guanajuato,LOS RAMIREZ,ESTATAL LEON CUERAMARO,,,0.00,,,,G03
1143,,HOSPIAL SALVATIERRA,HOSPIAL SALVATIERRA,0.00,30,marce_garmed@hotmail.com; princexx_kk@hotmail.com,,,,A,XAXX010101000,,,Aguascalientes,.,.,,Aguascalientes,,.,,,0.00,,,,G03
1133,,FUJIKOKI DE MEXICO,FUJIKOKI DE MEXICO,0.00,30,mdelarosa@fujikoki.com.mx,,Efectivo,,A,FME120611SD6,,36815,Irapuato,COL. PARQUE TECNOINDUSTRIAL CASTRO DEL RIO,236,,Guanajuato,Irapuato,RIO GUADAJOZ,,,0.00,,,,G03
1192,,INE VALLE,INE VALLE,0.00,30,rossana.castaneda@ine.mx,,,,A,XAXX010101000,,,Aguascalientes,.,.,,Aguascalientes,,.,,,0.00,,,,G03
1119,,Delegación Regional León III,Delegación Regional León III,0.00,30,geg.1121@guanajuato.gob.mx; jf_ontiveros@seg.guanajuato.gob.mx; ja_torres.p@seg.guanajuato.gob.mx,,,,A,XAXX010101000,,,Aguascalientes,.,.,,Aguascalientes,,.,,,0.00,,,,G03
1045,,CAPRI,CAPRI,0.00,30,aarellano@verpakking.mx,,,,A,XAXX010101000,,,Aguascalientes,.,.,,Aguascalientes,,.,,,0.00,,,,G03
1163,,HOSPITAL MATERNO LEON,HOSPITAL MATERNO LEON,0.00,30,hemilrecmat@guanajuato.gob.mx; hmirfsalud@hotmail.com; ispg.0811@guanajuato.gob.mx,,,,A,XAXX010101000,,,Aguascalientes,.,.,,Aguascalientes,,.,,,0.00,,,,G03
1065,,CECYTEG SAN MIGUEL ALLENDE,CECYTEG SAN MIGUEL ALLENDE,0.00,30,mayra.riosv@cecyteg.edu.mx,,,,A,XAXX010101000,,,Aguascalientes,.,.,,Aguascalientes,,.,,,0.00,,,,G03
1140,,HECTOR IRIANDA ALCALA,HECTOR IRIANDA ALCALA,0.00,30,carmen@comereco-lab.com,,,,A,IIAH490225QX0,,,Aguascalientes,.,.,,Aguascalientes,,.,,,0.00,,,,G03
1172,,HOSPITAL SAN DIEGO DE LA UNION,HOSPITAL SAN DIEGO DE LA UNION,0.00,30,facturashcsdu@hotmail.com; pescador-05@hotmail.com,,,,A,XAXX010101000,,,Aguascalientes,.,.,,Aguascalientes,,.,,,0.00,,,,G03
1020,,BIBLIOTECA CENTAL ESTATAL,BIBLIOTECA CENTAL ESTATAL,0.00,30,,,,,A,XAXX010101000,,,Aguascalientes,.,.,,Aguascalientes,,.,,,0.00,,,,G03
1181,,HOSPITAL VILLAGRAN,HOSPITAL COMUNITARIO VILLAGRAN,0.00,30,ehernandezmon@guanajuato.gob.mx,,,,A,XAXX010101000,,,Villagrán,.,.,,Guanajuato,,.,,,0.00,,,,G03
1299,,UNIVERSIDAD TECNOLOGICA DE SALAMANCA,UNIVERSIDAD TECNOLOGICA DE SALAMANCA,0.00,30,cpalma@utsalamanca.edu.mx,,Efectivo,,A,UTS120114TW2,,36766,Salamanca,CIUDADBAJIO,200,,Guanajuato,Salamanca,AVENIDA UNIVERSIDAD TECNOLOGICA,,,0.00,,,,G03
1203,,INSTITUTO TECNOLOGICO SUPERIOR DE ABASOLO,INSTITUTO TECNOLOGICO SUPERIOR DE ABASOLO,0.00,30,eric.martinez@tecabasolo.edu.mx,,Efectivo,,A,ITS1411193N7,,36976,Abasolo,CUITZEO DE LOS NARANJOS,401,,Guanajuato,ABASOLO,BOULEVARD CUITZEO DE LOS NARANJOS,,,0.00,,,,G03
1086,,CONALEP CELAYA,CONALEP CELAYA,0.00,30,rubisela.rojash@conalepgto.edu.mx; ramiro.rodriguezm@colalepgto.edu.mx,,,,A,XAXX010101000,,,Aguascalientes,.,.,,Aguascalientes,,.,,,0.00,,,,G03
1027,,CAISES GUANAJUATO ,CAISES GUANAJUATO I,0.00,30,ispg.0701@guanajuato.gob.mx; ereyna1280@gmail.com; admcaisesgto@gmail.com,,,,A,XAXX010101000,,,Aguascalientes,.,.,,Aguascalientes,,.,,,0.00,,,,G03
1016,,ALIANZA PARA EL CAMPO DE GUANAJUATO %u201CALCAMPO%u201D,ALIANZA PARA EL CAMPO DE GUANAJUATO %u201CALCAMPO%u201D,0.00,30,cgarcias@guanajuato.gob.mx,,,,A,ACG0503318W7,,,Aguascalientes,.,.,,Aguascalientes,,.,,,0.00,,,,G03
1168,,HOSPITAL PURISIMA DEL RINCON,HOSPITAL PURISIMA DEL RINCON,0.00,30,ygonzalezt@guanajuato.gob.mx; dramirezgar@guanajuato.gob.mx; isp.0846@guanajuato.gob.mx,,,,A,XAXX010101000,,,Aguascalientes,.,.,,Aguascalientes,,.,,,0.00,,,,G03
1019,,BCENOG,BCENOG,0.00,30,ja_torres@bcenog.edu.mx,,,,A,XAXX010101000,4737310306 ext 104,,Aguascalientes,.,.,,Aguascalientes,,.,,,0.00,,,,G03
1194,,INSTITUTO DE ALFABETIZACION Y EDUCACION BASICA PARA ADULTOS DEL ESTADO DE GUANAJUATO,INSTITUTO DE ALFABETIZACION Y EDUCACION BASICA PARA ADULTOS DEL ESTADO DE GUANAJUATO,0.00,30,agutierr@guanajuato.gob.mx,,Efectivo,,A,IAE050501HE0,,37530,León,SAN JOSÉ DE SANTA JULIA,.,201 SEXTO PISO,Guanajuato,,DELTA,,,0.00,,,,G03
1102,,CONTINENTAL FIPASI SOL MEX,CONTINENTAL FIPASI SOL MEX,0.00,30,gustavo.conde@solucionesalaorden.com,,Efectivo,,A,XAXX010101000,,,Aguascalientes,.,.,,Aguascalientes,,.,,,0.00,,,,G03
1204,,INSTITUTO TECNOLOGICO SUPERIOR DE GUANAJUATO,INSTITUTO TECNOLOGICO SUPERIOR DE GUANAJUATO,0.00,30,compras@itesg.edu.mx,,Efectivo,,A,ITS090821KI4,,36262,Guanajuato,Puentecillas,.,km 105,Guanajuato,,Carretera Estatal Gto-Puentecillas,,,0.00,,,,G03
1047,,CECYTEG COMONFORT,CECYTEG COMONFORT,0.00,30,elvia.delbosque@cecyteg.edu.mx,,,,A,XAXX010101000,,,Aguascalientes,.,.,,Aguascalientes,,.,,,0.00,,,,G03
1246,,OFICINA DEL SECRETARIO PARTICULAR,OFICINA DEL SECRETARIO PARTICULAR,0.00,30,cesquivel@guanajuato.gob.mx,,,,A,XAXX010101000,,,Aguascalientes,.,.,,Aguascalientes,,.,,,0.00,,,,G03
1100,,CONTECH SOLMEX,CONTECH SOLMEX,0.00,30,gustavo.conde@solucionesalaorden.com,,,,A,XAXX010101000,,,Aguascalientes,.,.,,Aguascalientes,,.,,,0.00,,,,G03
1165,,HOSPITAL MOROLEON,HOSPITAL MOROLEON,0.00,30,hcmfinancieros@outlook.com; sofia820912@hotmail.com,,,,A,XAXX010101000,,,Aguascalientes,.,.,,Aguascalientes,,.,,,0.00,,,,G03
1256,,SECRETARIA  DE IMPULSO A LA ADMINISTRACION PUBLICA ,SECRETARIA  DE IMPULSO A LA ADMINISTRACION PUBLICA ,0.00,30, mperezo@guanajuato.gob.mx; geg.2713@guanajuato.gob.mx,,,,A,XAXX010101000,,,Aguascalientes,.,.,,Aguascalientes,,.,,,0.00,,,,G03
1040,,CAISES SILAO,CAISES SILAO,0.00,30,cesar_rey2@hotmail.com; maahernandezg@guanajuato.gob.mx,,,,A,XAXX010101000,,,Aguascalientes,.,.,,Aguascalientes,,.,,,0.00,,,,G03
1305,,VENTA AL PUBLICO,VENTA AL PUBLICO,0.00,30,,,,,A,XEXX010101000,,,Aguascalientes,.,.,,Aguascalientes,,.,,,0.00,,,,G03
1224,,JURISDICCION SANITARIA V,JURISDICCION SANITARIA V,0.00,30,msgarciaperez@guanajuato.gob.mx,,,,A,XAXX010101000,"464 648 00 01, 648 00 09 EXT. 107",,Salamanca,.,.,,Guanajuato,,.,,,0.00,,,,G03
1278,,SISTEMA AVANZADO DE BACHILLERATO Y EDUCACION SUPERIOR EN EL ESTADO DE GUANAJUATO,SISTEMA AVANZADO DE BACHILLERATO Y EDUCACION SUPERIOR EN EL ESTADO DE GUANAJUATO,0.00,30,"paola.gonzalezm@sabes.edu.mx, adriana.moctezumaa@sabes.edu.mx",,Efectivo,,A,SAB9610253T3,,37234,León,REAL PROVIDENCIA,1615,,Guanajuato,León,BLVD. GUANAJUATO,,,0.00,,,,G03
1280,,SISTEMAS Y EQUIPOS DE LUBRIACION S.A DE C.V.,SISTEMAS Y EQUIPOS DE LUBRIACION S.A DE C.V.,0.00,30,aosorioher@gmail.com,,,,A,SEL8612196R5,,,Aguascalientes,.,.,,Aguascalientes,,.,,,0.00,,,,G03
1238,,MULTISERVICIO CARRISAL S.A. DE C.V.,MULTISERVICIO CARRISAL S.A. DE C.V.,0.00,30,,,,,A,XAXX010101000,,,Aguascalientes,.,.,,Aguascalientes,,.,,,0.00,,,,G03
1051,,CECYTEG IRAPUATO PLANTEL I,CECYTEG IRAPUATO PLANTEL I,0.00,30,maria.perezv@cecyteg.edu.mx,,,,A,XAXX010101000,,,Aguascalientes,.,.,,Aguascalientes,,.,,,0.00,,,,G03
1109,,Coordinadora de Fomento al Comercio Exterior Del Estado de Guanajuato,Coordinadora de Fomento al Comercio Exterior Del Estado de Guanajuato,0.00,30,cavargas@guanajuato.gob.mx; ijrochaa@guanajuato.gob.mx,,,,A,CFC920409N67,,,Aguascalientes,.,.,,Aguascalientes,,.,,,0.00,,,,G03
1232,,Laboratorio Químico Industrial y Agrícola SA de CV,Laboratorio Químico Industrial y Agrícola SA de CV,0.00,30,contabilidad@laquimia.com,,,,A,LQI951003593,,,Aguascalientes,.,.,,Aguascalientes,,.,,,0.00,,,,G03
1107,,Comisión Estatal del Agua de Guanajuato,Comisión Estatal del Agua de Guanajuato,0.00,30,mpachecom@guanajuato.gob.mx; ceag.0101@guanajuato.gob.mx,,,,A,CEA911004212,4737351810,,Aguascalientes,.,.,,Aguascalientes,,.,,,0.00,,,,G03
1064,,CECYTEG SAN JUAN DE LA VEGA CELAYA,CECYTEG SAN JUAN DE LA VEGA CELAYA,0.00,30,guadalupe.grimaldo@cecyteg.edu.mx,,Efectivo,,A,XAXX010101000,,,Celaya,.,.,,Guanajuato,,.,,,0.00,,,,G03
1132,,FORUM CULTURAL GUANAJUATO,FORUM CULTURAL GUANAJUATO,0.00,30,auxrmysg@guanajuato.gob.mx,,,,A,FCG060109532,,,Aguascalientes,.,.,,Aguascalientes,,.,,,0.00,,,,G03
1161,,HOSPITAL MATERNO CELAYA, Hospital Materno Celaya,0.00,30,hmc_recursosmateriales@guanajuato.gob.mx; hmc_fianzas@guanajuato.gob.mx,,,,A,XAXX010101000,461-471-7400 Ext. 1017-1060 ,,Aguascalientes,.,.,,Aguascalientes,,.,,,0.00,,,,G03
1105,,Centro de Estudios Superiores de Educación Especializada,Centro de Estudios Superiores de Educación Especializada,0.00,30,recursosfinancieros@cesee.edu.mx,,,,A,XAXX010101000,(477) 7-1140-81,,Aguascalientes,.,.,,Aguascalientes,,.,,,0.00,,,,G03
1210,,ITES CUERAMARO,ITES CUERAMARO,0.00,30,adriana.cervantes@itesi.edu.mx,,,,A,XAXX010101000,,,Aguascalientes,.,.,,Aguascalientes,,.,,,0.00,,,,G03
1220,,JURISDICCIION VIII,JURISDICCIION VIII,0.00,30,ispg.0708@guanajuto.gob.mx; eorellanas@guanajuato.gob.mx,,,,A,XAXX010101000,,,Aguascalientes,.,.,,Aguascalientes,,.,,,0.00,,,,G03
1162,,HOSPITAL MATERNO IRAPUATO,Hospital Materno Irapuato,0.00,30,mgonzaleza@guanajuato.gob.mx; ispg.0845@guanajuato.gob.mx,,,,A,XAXX010101000,,,Aguascalientes,.,.,,Aguascalientes,,.,,,0.00,,,,G03
1123,,ENVIRONMENTAL AND HEALTHPROTOCOLS SERVICES,ENVIRONMENTAL AND HEALTHPROTOCOLS SERVICES,0.00,30,,,,,A,EHS210412RX1,,,Aguascalientes,.,.,,Aguascalientes,,.,,,0.00,,,,G03
1080,,COLEGIO DE INGENIEROS CIVILES DEL ESTADO DE QUERETARO A.C,COLEGIO DE INGENIEROS CIVILES DEL ESTADO DE QUERETARO A.C,0.00,30,colegio.ingenieros@cicqro.org.mx; asistente.administrativo@cicqro.org.mx,,,,A,CIC710903TL9,,,Aguascalientes,.,.,,Aguascalientes,,.,,,0.00,,,,G03
1216,,INSTITUTO GUANAJUATENSE PARA LAS PERSONAS CON DISCAPACIDAD,INSTITUTO GUANAJUATENSE PARA LAS PERSONAS CON DISCAPACIDAD,0.00,30,elias.guerra@guanajuato.gob.mx,,Efectivo,,A,IGP120918N7A,,36100,Silao,La Hacienda,900,,Guanajuato,Silao,Hacienda Silao,,,0.00,,,,G03
1263,,SECRETARIA DE TURISMO,SECRETARIA DE TURISMO,0.00,30,mdiazpa@guanajuato.gob.mx; pcortesvi@guanajuato.gob.mx,,,,A,XAXX010101000,,,Aguascalientes,.,.,,Aguascalientes,,.,,,0.00,,,,G03
1164,,HOSPITAL MATERNO SAN LUIS DE LA PAZ,HOSPITAL MATERNO SAN LUIS DE LA PAZ,0.00,30,blanca_azurh@hotmail.com; ispg.0842@guanajuato.gob.mx; fin.maternosslpaz@gmail.com,,,,A,XAXX010101000,,,Aguascalientes,.,.,,Aguascalientes,,.,,,0.00,,,,G03
1251,,PROCESADORA Y MAQUILADORA DE ALIMENTOS FINOS,PROCESADORA Y MAQUILADORA DE ALIMENTOS FINOS,0.00,30,n.rangel@pymafi.com,,Efectivo,,A,PMA091214I24,,37490,León,CIUDAD INDUSTRIAL,101-B,,Guanajuato,,CALLE PROLONGACION OLEODUCTO,,,0.00,,,,G03
1298,,UNIVERSIDAD TECNOLOGICA DE LEON,UNIVERSIDAD TECNOLOGICA DE LEON,0.00,30,utl.0601@guanajuato.gob.mx,,Efectivo,,A,UTL941208TR2,,37670,León,SAN CARLOS,225,,Guanajuato,,BLVD. UNIVERSIDAD TECNOLÓGICA,,,0.00,,,,G03
1081,,COMISION DE DEPORTE DEL ESTADO DE GUANAJUATO,COMISION DE DEPORTE DEL ESTADO DE GUANAJUATO,0.00,30,materialesyservicios.code@guanajuato.gob.mx,,,,A,CED931109QJ6,,36020,Guanajuato,.,KM. 2.5,,Guanajuato,,CARRETERA FEDERAL GUANAJUATO A DOLORES HIDALGO,,,0.00,,,,G03
1115,,DELEGACION REGIONAL DE EDUCACION SUROESTE,DELEGACION REGIONAL DE EDUCACION SUROESTE,0.00,30,,,,,A,XAXX010101000,,,Aguascalientes,.,.,,Aguascalientes,,.,,,0.00,,,,G03
1221,,JURISDICCION  I,JURISDICCION  I,0.00,30,ispg.0701@guanajuato.gob.mx; ereyna1280@gmail.com; js1recursosmateriales@gmail.com,,,,A,XAXX010101000,,,Aguascalientes,.,.,,Aguascalientes,,.,,,0.00,,,,G03
1094,,CONALEP SALAMANCA,CONALEP SALAMANCA,0.00,30,joana.arevalog@conalepgto.edu.mx,,,,A,XAXX010101000,,,Aguascalientes,.,.,,Aguascalientes,,.,,,0.00,,,,G03
1148,,HOSPITAL CORTAZAR,HOSPITAL CORTAZAR,0.00,30,ispg.0833@guanajuato.gob.mx; cristofergaona430@gmail.com,,,,A,XAXX010101000,,,Aguascalientes,.,.,,Aguascalientes,,.,,,0.00,,,,G03
1304,,UNIVERSIDAD VIRTUAL DEL ESTADO DE GUANAJUATO,UNIVERSIDAD VIRTUAL DEL ESTADO DE GUANAJUATO,0.00,30,yeduarte@uveg.edu.mx; edvargas@uveg.edu.mx;jomacias@uveg.edu.mx,,Efectivo,,A,UVE070911JN6,,36400,Purísima del Rincón,CENTRO,129 A SUR,,Guanajuato,,HERMENEGILDO BUSTOS,,,0.00,,,,G03
1117,,DIRECCION GENERAL DE INGRESOS,DIRECCION GENERAL DE INGRESOS,0.00,30,jrojasm@guanajuato.gob.mx,,,,A,XAXX010101000,,,Aguascalientes,.,.,,Aguascalientes,,.,,,0.00,,,,G03
1142,,HOPSITAL SAN FRANCISCO DEL RINCON ,HOPSITAL SAN FRANCISCO DEL RINCON ,0.00,30,ispg.0708@guanajuato.gob.mx; ali.val.mon@hotmail.com,,,,A,XAXX010101000,,,San Francisco del Rincón,.,.,,Guanajuato,,.,,,0.00,,,,G03
1042,,CAISES VALLE DE SANTIAGO,CAISES VALLE DE SANTIAGO,0.00,30,msgarciaperez@guanajuato.gob.mx,,,,A,XAXX010101000,"01 464 648 00 01, 648 00 09 EXT. 107",,Aguascalientes,.,.,,Aguascalientes,,.,,,0.00,,,,G03
1067,,CECYTEG VALLE,CECYTEG VALLE,0.00,30,nancy.limasm@cecyteg.edu.mx,,,,A,XAXX010101000,,,Aguascalientes,.,.,,Aguascalientes,,.,,,0.00,,,,G03
1185,,INBURSA CELAYA,INBURSA CELAYA SOLUCIONES Y PROYECTOS,0.00,30,vianeth.vega@solucionesalaorden.com,,Efectivo,,A,XAXX010101000,,,Aguascalientes,.,.,,Aguascalientes,,.,,,0.00,,,,G03
1077,,CESSA VALTIERRILLA,CESSA VALTIERRILLA,0.00,30,lasilm@guanajuato.gob.mx; ispg.0803@guanajuato.gob.mx,,,,A,XAXX010101000,,,Aguascalientes,.,.,,Aguascalientes,,.,,,0.00,,,,G03
1219,,INSTITUTO PARA LAS MUJERES GUANAJUATENSES,INSTITUTO PARA LAS MUJERES GUANAJUATENSES,0.00,30,maguilar@guanajuato.gob.mx,,Efectivo,,A,IMG0201015B4,,36010,Guanajuato,Cata,1,,Guanajuato,,Plazuela de Cata,,,0.00,,,,G03
1274,,SEG. ABASOLO,SEG. ABASOLO,0.00,30,,,,,A,XAXX010101000,,,Aguascalientes,.,.,,Aguascalientes,,.,,,0.00,,,,G03
1245,,OFICINA CENTRAL,OFICINA CENTRAL,0.00,30,maribel@solucionesalaorden.com,,,,A,XAXX010101000,,,Aguascalientes,.,.,,Aguascalientes,,.,,,0.00,,,,G03
1218,,INSTITUTO PARA EL DESARROLLO Y ATENCION A LAS JUVENTUDES DEL ESTADO DE GUANAJUATO,INSTITUTO PARA EL DESARROLLO Y ATENCION A LAS JUVENTUDES DEL ESTADO DE GUANAJUATO,0.00,30,vcadena@juventudesgto.gob.mx,,Efectivo,,A,IFI990423FB1,,37557,León,SANTO DOMINGO,102,,Guanajuato,,FRAY MARTIN DE VALENCIA,,,0.00,,,,G03
1116,,DIRECCION GENERAL DE ADMINISTRACION,DIRECCION GENERAL DE ADMINISTRACION,0.00,30,jatorresma@guanajuato.gob.mx,,,,A,XAXX010101000,,,Aguascalientes,.,.,,Aguascalientes,,.,,,0.00,,,,G03
1137,,GLEITLAGER,GLEITLAGER SOL MEX,0.00,30,,,Efectivo,,A,XAXX010101000,,,Aguascalientes,.,.,,Aguascalientes,,.,,,0.00,,,,G03
1167,,HOSPITAL PSIQUIATRICO,HOSPITAL PSIQUIATRICO,0.00,30,ispg.0812@guanajuato.gob.mx; dramirezandrade@guanajuato.gob.mx,,,,A,XAXX010101000,(477) 7 48 82 01 / 02 y 93,,Aguascalientes,.,.,,Aguascalientes,,.,,,0.00,,,,G03
1139,,H. JERECUARO,H. JERECUARO,0.00,30,hc_jerecuaro@guanajuato.gob.mx,,,,A,XAXX010101000,,,Aguascalientes,.,.,,Aguascalientes,,.,,,0.00,,,,G03
1078,,CLINICA DE DESINTOXICACION DE LEON,CLINICA DE DESINTOXICACION DE LEON,0.00,30,kmendozapescador@guanajuato.gob.mx,,,,A,XAXX010101000,,,Aguascalientes,.,.,,Aguascalientes,,.,,,0.00,,,,G03
1290,,TV4,TV4,0.00,30,yvera@guanajuato.gob.mx,,,,A,XAXX010101000,,,Aguascalientes,.,.,,Aguascalientes,,.,,,0.00,,,,G03
1302,,UTAPE,UTAPE,0.00,30,mbarreras@guanajuato.gob.mx,,,,A,XAXX010101000,,,Aguascalientes,.,.,,Aguascalientes,,.,,,0.00,,,,G03
1212,,ITES SAN FELIPE,ITES SAN FELIPE,0.00,30,fernando.co@irapuato.tecnm.mx,,,,A,XAXX010101000,,,Aguascalientes,.,.,,Aguascalientes,,.,,,0.00,,,,G03
1187,,INE ACAMBARO,INE ACAMBARO,0.00,30,ernesto.aguayom@ine.mx; lourdes.castro@ine.com,,,,A,XAXX010101000,,,Aguascalientes,.,.,,Aguascalientes,,.,,,0.00,,,,G03
1191,,INE URIANGATO JUNTA 10,INE URIANGATO JUNTA 10,0.00,30,liz_topt@hotmail.com; info@comereco-lab.com,,,,A,XAXX010101000,,,Aguascalientes,.,.,,Aguascalientes,,.,,,0.00,,,,G03
1104,,CENTRO DE CONCILIACION LABORAL DEL ESTADO DE GUANAJUATO,CENTRO DE CONCILIACION LABORAL DEL ESTADO DE GUANAJUATO,0.00,30,braulio.suarez@guanajuato.gob.mx,,Efectivo,,A,CCL201222885,,37000,León,CENTRO,223 A,,Guanajuato,,ADOLFO LOPEZ MATEOS PONIENTE,,,0.00,,,,G03
1260,,"SECRETARIA DE FINANZAS, INVERSION Y ADMINISTRACION","SECRETARIA DE FINANZAS, INVERSION Y ADMINISTRACION",0.00,30,geg.0610@guanajuato.gob.mx; fmontoya@guanajuato.gob.mx; egaminor@guanajuato.gob.mx; cramosn@guanajuato.gob.mx,,,,A,XAXX010101000,,,Guanajuato,.,.,,Guanajuato,,.,,,0.00,,,,G03
1243,,"O.P. DISTRIBUIDORA DEL BAJIO, S.A. DE C.V.","O.P. DISTRIBUIDORA DEL BAJIO, S.A. DE C.V.",0.00,30,compras@opdistdelbajio.com.mx,,,,A,OPD911031L94,,,Aguascalientes,.,.,,Aguascalientes,,.,,,0.00,,,,G03
1129,,Escuela Normal Superior Oficial de Guanajuato,Escuela Normal Superior Oficial de Guanajuato,0.00,30,tramites.ensog@gmail.com,,,,A,XAXX010101000,,,Aguascalientes,.,.,,Aguascalientes,,.,,,0.00,,,,G03
1013,," Jurisdicción Sanitaria VII,"," Jurisdicción Sanitaria VII,",0.00,30,lcrespog@guanajuato.gob.mx,,,,A,XAXX010101000,"4771481223,4771481225,ext.5380",,Aguascalientes,.,.,,Aguascalientes,,.,,,0.00,,,,G03
1159,,HOSPITAL JUVENTINO ROSAS,HOSPITAL JUVENTINO ROSAS,0.00,30,talvarezp@guanajuato.gob.mx; eriosv@guanajuato.gob.mx,,,,A,XAXX010101000,,,Aguascalientes,.,.,,Aguascalientes,,.,,,0.00,,,,G03
1287,,Servicios y acabados acuario S.A de C.v,Servicios y acabados acuario S.A de C.v,0.00,30,octaviorojas_acuario@hotmail.com,,,,A,XAXX010101000,,,Aguascalientes,.,.,,Aguascalientes,,.,,,0.00,,,,G03
1174,,HOSPITAL SAN JOSE ITURBIDE,HOSPITAL SAN JOSE ITURBIDE,0.00,30,ispg.0826@guanajuato.gob.mx; arvizuvchuskis@hotmail.com; romerojuanis2302@hotmail.com; leonaldo50@hotmail.com; edagar-estrado-ortiz@hotmail.com,,,,A,XAXX010101000,,,Aguascalientes,.,.,,Aguascalientes,,.,,,0.00,,,,G03
1226,,KERRY,KERRY SOL MEX,0.00,30,maribel@solucionesalaorden.com,,Efectivo,,A,XAXX010101000,,,Aguascalientes,.,.,,Aguascalientes,,.,,,0.00,,,,G03
1124,,ESCUELA NORMAL DE  LEON,ESCUELA NORMAL DE  LEON,0.00,30,geg.0907@guanajuato.gob.mx; grarriaga@guanajuato.gob.mx,,,,A,XAXX010101000,,,Aguascalientes,.,.,,Aguascalientes,,.,,,0.00,,,,G03
1173,,HOSPITAL SAN FELIPE,HOSPITAL SAN FELIPE,0.00,30,ispg.0816@guanajuato.gob.mx; mltorresa@guanajuato.gob.mx,,Efectivo,,A,XAXX010101000,,,San Felipe,.,.,,Guanajuato,,.,,,0.00,,,,G03
1211,,ITES IRAPUATO,ITES IRAPUATO,0.00,30,dramirez@itesi.edu.mx; caverol-24@hotmail.com; patricia.cs@irapuato.tecnm.mx,,,,A,XAXX010101000,,,Aguascalientes,.,.,,Aguascalientes,,.,,,0.00,,,,G03
1200,,INSTITUTO ESTATAL DE LA CULTURA ,INSTITUTO ESTATAL DE LA CULTURA ,0.00,30,iecg.0201@guanajuato.gob.mx; mgonzalezo@guanajuato.gob.mx,,,,A,IEC940202G46,,36000,Guanajuato,Guanajuato Cemntr,8,,Guanajuato,Guanajuato,Callejón de la condesa,,,0.00,,,,G03
1297,,UNIVERSIDAD POLITECNICA DE JUVENTINO ROSAS,UNIVERSIDAD POLITECNICA DE JUVENTINO ROSAS,0.00,30,compras@upjr.edu.mx,,Efectivo,,A,UPJ090908DE8,(412) 157 8000 ext. 241,38253,Santa Cruz de Juventino Rosas,Valencia,102,,Guanajuato,Santa Cruz de Juventino Rosas,Hidalgo,,,0.00,,,,G03
1125,,ESCUELA NORMAL DE IRAPUATO,ESCUELA NORMAL DE IRAPUATO,0.00,30,azamoram@enoi.edu.mx,,,,A,XAXX010101000,,,Aguascalientes,.,.,,Aguascalientes,,.,,,0.00,,,,G03
1084,,COMISION ESTATAL DEL AGUA DE GUANAJUATO,COMISION ESTATAL DEL AGUA DE GUANAJUATO,0.00,30,mpachecom@guanajuato.gob.mx; ceag.0101@guanajuato.gob.mx,,Efectivo,,A,CEA911004212,4737351810,36255,Guanajuato,LOS ALCALDES,KM 1,,Guanajuato,,AUTOPISTA GTO SILAO,,,0.00,,,,G03
1279,,SISTEMA PARA EL DESARROLLO INTEGRAL DE LA FAMILIA DEL ESTADO DE GUANAJUATO,SISTEMA PARA EL DESARROLLO INTEGRAL DE LA FAMILIA DEL ESTADO DE GUANAJUATO,0.00,30,aesparza@guanajuato.gob.mx,,,,A,SDI770408N60,,36000,Guanajuato,ZONA CENTRO,89,A,Guanajuato,GUANAJUATO,PASEO DE LA PRESA,,,0.00,,,,G03
1208,,INSTITUTO TECNOLOGICO SUPERIOR DEL SUR DE GUANAJUATO,INSTITUTO TECNOLOGICO SUPERIOR DEL SUR DE GUANAJUATO,0.00,30,rec_materiales@itsur.edu.mx,,Efectivo,,A,ITS980526EI2,4454577468 AL 71 EXT 124,38982,Uriangato,JUAREZ,2000,,Guanajuato,,AV. EDUCACION SUPERIOR,,,0.00,,,,G03
1160,,HOSPITAL LAS JOYAS,HOSPITAL LAS JOYAS,0.00,30,jjhernandezh@guanajuato.gob.mx; mpereza@guanajuato.gob.mx; ispg.0847@guanajuato.gob.mx,,,,A,XAXX010101000,,,Aguascalientes,.,.,,Aguascalientes,,.,,,0.00,,,,G03
1022,,CAISES CELAYA JURISDICCIION III ,CAISES CELAYA JURISDICCIION III ,0.00,30,ispg.0708@guanajuto.gob.mx; groldanv@guanajuato.gob.mx; acervantess@guanajuato.gob.mx ,,,,A,XAXX010101000,,,Aguascalientes,.,.,,Aguascalientes,,.,,,0.00,,,,G03
1234,,MATERNO DE IRAPUATO,MATERNO DE IRAPUATO,0.00,30,mgonzaleza@guanajuato.gob.mx; ispg.0845@guanajuato.gob.mx,,,,A,XAXX010101000,,,Aguascalientes,.,.,,Aguascalientes,,.,,,0.00,,,,G03
1079,,COLEGIO DE ESTUDIOS CIENTIFICOS Y TECNOLOGICOS DEL ESTADO DE GUANAJUATO,COLEGIO DE ESTUDIOS CIENTIFICOS Y TECNOLOGICOS DEL ESTADO DE GUANAJUATO,0.00,30,,,Efectivo,,A,CEC921110D70,,37536,León,JARDINES DE LA PRADERA,204,,Guanajuato,,MAR DE TIMOR,,,0.00,,,,G03
1178,,"HUMANO, HUMANO","HUMANO , HUMANO SOL MEX",0.00,30,gerencia.qro@solucionesalaorden.com,,Efectivo,,A,XAXX010101000,,,Aguascalientes,.,.,,Aguascalientes,,.,,,0.00,,,,G03
1151,,HOSPITAL DOLORES HIDALGO,HOSPITAL DOLORES HIDALGO,0.00,30,facturashd@hotmail.com; ispg.0804@guanajuato.gob.mx,,,,A,XAXX010101000,,,Dolores Hidalgo Cuna de la Independencia Nacional,.,.,,Guanajuato,,.,,,0.00,,,,G03
1259,,SECRETARIA DE EDUCACION SAN LUIS DE LA PAZ,SECRETARIA DE EDUCACION SAN LUIS DE LA PAZ,0.00,30,g_mancilla@seg.guanajuato.gob.mx,,,,A,XAXX010101000,,,Aguascalientes,.,.,,Aguascalientes,,.,,,0.00,,,,G03
1248,,PGC EMPAQUES CON IMAGEN,PGC EMPAQUES CON IMAGEN,0.00,0,recursoshumanos@pgcleon.com.mx,,Efectivo,,A,PEI080306J32,,37490,León,CIUDAD INDUSTRIAL,110,,Guanajuato,León,TENERIAS,,,0.00,,,,G03
1186,,INBURSA GALERIAS,INBURSA GALERIAS SOLUCIONES A LA ORDEN Y PROYECTOS INDUSTRIALES,0.00,30,vianeth.vega@solucionesalaorden.com,,Efectivo,,A,XAXX010101000,,,Aguascalientes,.,.,,Aguascalientes,,.,,,0.00,,,,G03
1183,,ICA FLUOR OPERACIONES Y MANTENIMIENTO,ICA FLUOR OPERACIONES Y MANTENIMIENTO,0.00,30, bogarbravo@yahoo.com,,,,A,ECO120510NS3,,,Aguascalientes,.,.,,Aguascalientes,,.,,,0.00,,,,G03
1156,,HOSPITAL HUANIMARO,HOSPITAL HUANIMARO,0.00,30,ispg.0837@guanajuato.gob.mx; jrazoq@guanajuato.gob.mx,,,,A,XAXX010101000,,,Aguascalientes,.,.,,Aguascalientes,,.,,,0.00,,,,G03
1063,,CECYTEG SAN JOSE ITURBIDE,CECYTEG SAN JOSE ITURBIDE,0.00,30,lucia.riosb@cecyteg.edu.mx,,,,A,XAXX010101000,,,Aguascalientes,.,.,,Aguascalientes,,.,,,0.00,,,,G03
1085,,CONALEP ACAMBARO,CONALEP ACAMBARO,0.00,30,paulina.castrov@conalepgto.edu.mx,,,,A,XAXX010101000,,,Acámbaro,.,.,,Guanajuato,,.,,,0.00,,,,G03
1227,,KS CHAROLAS,KS CHAROLAS SOLUCIONES DE  MEXICO,0.00,30,vianeth.vega@solucionesalaorden.com,,Efectivo,,A,XAXX010101000,,,Aguascalientes,.,.,,Aguascalientes,,.,,,0.00,,,,G03
1108,,Coordinación General de Comunicación Social,Coordinación General de Comunicación Social,0.00,30,jhernanr@guanajuato.gob.mx,,,,A,XAXX010101000,,,Aguascalientes,.,.,,Aguascalientes,,.,,,0.00,,,,G03
1031,,CAISES PENJAMO,CAISES PENJAMO,0.00,30,ispg.0701@guanajuato.gob.mx; mabermejor@outlook.es; financierospenjamo@gmail.com,,,,A,XAXX010101000,,,Aguascalientes,.,.,,Aguascalientes,,.,,,0.00,,,,G03
1153,,HOSPITAL GENERAL LEON,HOSPITAL GENERAL LEON,0.00,30,ispg.0807@guanajuato.gob.mx; recursosfinancieroshgrl@hotmail.com; compras.hgl.2020@gmail.com,,,,A,XAXX010101000,,,Aguascalientes,.,.,,Aguascalientes,,.,,,0.00,,,,G03
1157,,HOSPITAL IRAPUATO,HOSPITAL IRAPUATO,0.00,30,comprashgi@guanjuato.gob.mx; jfinancieros_hgi@guanajuato.gob.mx,,,,A,XAXX010101000,,,Irapuato,.,.,,Guanajuato,,.,,,0.00,,,,G03
1235,,MMM AUTOPARTS,MMM AUTOPARTS SOLUCIONES A LA ORDEN DE MEXICO,0.00,30,alejandro.chavez@solucionesalaorden.com,,Efectivo,,A,XAXX010101000,,,Aguascalientes,.,.,,Aguascalientes,,.,,,0.00,,,,G03
1188,,INE IRAPUATO JUNTA 03,INE IRAPUATO JUNTA 03,0.00,30,liz_topt@hotmail.com; info@comereco-lab.com,,,,A,XAXX010101000,,,Aguascalientes,.,.,,Aguascalientes,,.,,,0.00,,,,G03
1266,,SEG CELAYA,SEG CELAYA,0.00,30,,,,,A,XAXX010101000,,,Aguascalientes,.,.,,Aguascalientes,,.,,,0.00,,,,G03
1206,,INSTITUTO TECNOLOGICO SUPERIOR DE PURISIMA DEL RINCON,INSTITUTO TECNOLOGICO SUPERIOR DE PURISIMA DEL RINCON,0.00,30,omar.vg@purisima.tecnm.mx; facturacion@purisima.tecnm.mx; arturo.ma@purisima.tecnm.mx,,Efectivo,,A,ITS1411192Q2,,36425,Purísima del Rincón,.,2301,,Guanajuato,,BLVD. DEL VALLE,,,0.00,,,,G03
1275,,SERVICARTON SA DE CV,SERVICARTON SA DE CV,0.00,30,mgct@gseroc.mx,,,,A,SER030114456,,,Aguascalientes,.,.,,Aguascalientes,,.,,,0.00,,,,G03
1177,,HOSPITAL TARIMORO,HOSPITAL TARIMORO,0.00,30,dvallejov@guanajuato.gob.mx,,,,A,XAXX010101000,,,Aguascalientes,.,.,,Aguascalientes,,.,,,0.00,,,,G03
1089,,CONALEP IRAPUATO,CONALEP IRAPUATO,0.00,30,martha.espinosap@conalepgto.edu.mx; trinidad.sanchezs@conalepgto.edu.mx,,,,A,XAXX010101000,,,Aguascalientes,.,.,,Aguascalientes,,.,,,0.00,,,,G03
1201,,INSTITUTO NACIONAL ELECTORAL,INSTITUTO NACIONAL ELECTORAL,0.00,30,liz_topt@hotmail.com,,,,A,INE140404NI0,,,Aguascalientes,.,.,,Aguascalientes,,.,,,0.00,,,,G03
1307,,"VESSEL SOLUTIONS, SA DE CV","VESSEL SOLUTIONS, SA DE CV",0.00,30,hca@vessel.mx,,,,A,VSO070329RU5,,,Aguascalientes,.,.,,Aguascalientes,,.,,,0.00,,,,G03
1288,,TEATRO JUAREZ,TEATRO JUAREZ,0.00,30,vituallafic@gmail.com,,,,A,XAXX010101000,,,Aguascalientes,.,.,,Aguascalientes,,.,,,0.00,,,,G03
1222,,JURISDICCION 11 SAN MIGUEL ALLENDE CAISES,JURISDICCION 11 SAN MIGUEL ALLENDE CAISES,0.00,30,ispg.0702@guanajuato.gob.mx; comprasjuris2@guanajuato.gob.mx; egaymu17@hotmail.com,,,,A,XAXX010101000,,,Aguascalientes,.,.,,Aguascalientes,,.,,,0.00,,,,G03
1046,,CECYTEG ABASOLO,CECYTEG ABASOLO,0.00,30,nadia.ruiz@cecyteg.edu.mx,,,,A,XAXX010101000,,,Aguascalientes,.,.,,Aguascalientes,,.,,,0.00,,,,G03
1070,,CEMIC,CEMIC,0.00,30,,,,,A,XAXX010101000,,,Aguascalientes,.,.,,Aguascalientes,,.,,,0.00,,,,G03
1127,,EVENTUALES CELAYA SYPI,EVENTUALES CELAYA SYPI,0.00,30,vianeth.vega@solucionesalaorden.com,,,,A,XAXX010101000,,,Aguascalientes,.,.,,Aguascalientes,,.,,,0.00,,,,G03
1213,,ITES SAN JOSE ITURBIDE,ITES SAN JOSE ITURBIDE,0.00,30,javier.rr@irapuato.tecnm.mx,,,,A,XAXX010101000,,,Aguascalientes,.,.,,Aguascalientes,,.,,,0.00,,,,G03
1155,,HOSPITAL GUANAJUATO,HOSPITAL GUANAJUATO,0.00,30,ispg.0805@guanajuato.gob.mx; consuelorodriguezbarroso@gmail.com; francojtp@gmail.com,,,,A,XAXX010101000,,,Aguascalientes,.,.,,Aguascalientes,,.,,,0.00,,,,G03
1131,,FOMENTO EDUCATIVO CULTURAL AC,FOMENTO EDUCATIVO CULTURAL AC,0.00,30,josefina@comereco-lab.com,,,,A,FEC751027FX3,,,Aguascalientes,.,.,,Aguascalientes,,.,,,0.00,,,,G03
1145,,HOSPITAL APASEO EL ALTO,HOSPITAL APASEO EL ALTO,0.00,30,rfin_hcapaseoelalto@guanajuato.gob.mx; navilaj@guanajuato.gob.mx,,,,A,XAXX010101000,,,Aguascalientes,.,.,,Aguascalientes,,.,,,0.00,,,,G03
1193,,INEGI,INEGI,0.00,30,auditor@solucionesalaorden.com,,,,A,XAXX010101000,,,Aguascalientes,.,.,,Aguascalientes,,.,,,0.00,,,,G03
1023,,CAISES COLON IRAPUATO,CAISES COLON IRAPUATO,0.00,30,ispg.0706@guanajuato.gob.mx; mslopezr@guanajuato.gob.mx,,,,A,XAXX010101000,,,Aguascalientes,.,.,,Aguascalientes,,.,,,0.00,,,,G03
1237,,MOTOR CITY BAJIO,MOTOR CITY BAJIO,0.00,30,gerencia@motorcitybajio.com,,,,A,MCB190226RW1,,36620,Irapuato,SANTA FE,3200,,Guanajuato,IRAPUATO,BLVD. GUERRERO,,,0.00,,,,G03
1264,,SECRETARIA DEL MIGRANTE,SECRETARIA DEL MIGRANTE,0.00,30,jatorres@guanajuato.gob.mx,,,,A,XAXX010101000,,,Aguascalientes,.,.,,Aguascalientes,,.,,,0.00,,,,G03
1276,,SERVICIO DE ADMINISTRACION TRIBUTARIA,SERVICIO DE ADMINISTRACION TRIBUTARIA,0.00,30,jrojasm@guanajuato.gob.mx,,,,A,XAXX010101000,,,Aguascalientes,.,.,,Aguascalientes,,.,,,0.00,,,,G03
1071,,CENTRO ESTATAL DE CUIDADOS CRÍTICOS  SALAMANCA,CENTRO ESTATAL DE CUIDADOS CRÍTICOS  SALAMANCA,0.00,30,erodriguezmos@guanajuato.gob.mx,,,,A,XAXX010101000,464 648 95 46 ext. 8318,,Salamanca,.,.,,Guanajuato,,.,,,0.00,,,,G03
1095,,CONALEP SALVATIERRA,CONALEP SALVATIERRA,0.00,30,miriam.cornejoh@conalepgto.edu.mx,,,,A,XAXX010101000,,,Aguascalientes,.,.,,Aguascalientes,,.,,,0.00,,,,G03
1113,,DELEGACION REGIONAL DE EDUCACION NORESTE,DELEGACION REGIONAL DE EDUCACION NORESTE,0.00,30,cedesanjose@gmail.com; m_loyola@seg.guanajauto.gob.mx,,,,A,XAXX010101000,,,Aguascalientes,.,.,,Aguascalientes,,.,,,0.00,,,,G03
1199,,INSTITUTO ESTATAL DE CAPACITACION,INSTITUTO ESTATAL DE CAPACITACION,0.00,30,mmurrietalu@guanajuato.gob.mx,,Efectivo,,A,IEC070101UU7,,36600,Irapuato,Jardines de San Antonio,1855,,Guanajuato,,Blv. Arandas,,,0.00,,,,G03
1293,,UNIDAD DE TELEVISION DE GUANAJUATO,UNIDAD DE TELEVISION DE GUANAJUATO,0.00,30,uteg.0601@guanajuato.gob.mx,,Efectivo,,A,UTG830427MG7,,37360,León,Arbide,502,,Guanajuato,,Chiapas,,,0.00,,,,G03
1073,,CERESOS,CERESOS,0.00,30,presupuestossp@guanajuato.gob.mx,,,,A,XAXX010101000,,,Aguascalientes,.,.,,Aguascalientes,,.,,,0.00,,,,G03
1154,,HOSPITAL GENERAL SAN LUIS DE LA PAZ,Hospital General San Luis de la Paz,0.00,30,financieroshgslpz@gmail.com; ispg.0814@guanajuato.gob.mx; hgslpazcompras17@hotmail.com,,,,A,XAXX010101000,(468) 688 48 43 Ext. 1338 ,,San Luis de la Paz,.,.,,Guanajuato,san luis de la paz,.,,,0.00,,,,G03
1229,,LSD DIAGNOSTICO DE ANALISIS CLINICOS SA DE CV,LSD DIAGNOSTICO DE ANALISIS CLINICOS SA DE CV,0.00,30,esthela.iglesias@labosd.com,,,,A,LDA121127K26,,,Aguascalientes,.,.,,Aguascalientes,,.,,,0.00,,,,G03
1197,,"INSTITUTO DE INNOVACION, CIENCIA Y EMPRENDIMIENTO PARA LA COMPETITIVIDAD","INSTITUTO DE INNOVACION, CIENCIA Y EMPRENDIMIENTO PARA LA COMPETITIVIDAD",0.00,30,ngarciao@guanajuato.gob.mx,,Efectivo,,A,IIC200908QY6,,36275,Silao,OTRA NO ESPECIFICADA EN EL CATALOGO,1305,,Guanajuato,,MINERAL DE CATA,,,0.00,,,,G03
1062,,CECYTEG SAN FELIPE,CECYTEG SAN FELIPE,0.00,30,sandra.martinezg@cecyteg.edu.mx,,,,A,XAXX010101000,,,Aguascalientes,.,.,,Aguascalientes,,.,,,0.00,,,,G03
1061,,CECYTEG SALAMANCA,CECYTEG SALAMANCA,0.00,30,alma.diaz@cecyteg.edu.mx,,,,A,XAXX010101000,,,Aguascalientes,.,.,,Aguascalientes,,.,,,0.00,,,,G03
1090,,CONALEP LEON CD. INDUSTRIAL,CONALEP LEON,0.00,30,andrea.nacheza@conalepgto.edu.mx,,,,A,XAXX010101000,,,Aguascalientes,.,.,,Aguascalientes,,.,,,0.00,,,,G03
1122,,ELITE MEDICAL CELAYA,ELITE MEDICAL CELAYA,0.00,30,vianeth.vega@solucionesalaorden.com,,,,A,XAXX010101000,,,Aguascalientes,.,.,,Aguascalientes,,.,,,0.00,,,,G03
1054,,CECYTEG LEON,CECYTEG LEON,0.00,30,daniel.manriquet@cecyteg.edu.mx,,,,A,XAXX010101000,,,Aguascalientes,.,.,,Aguascalientes,,.,,,0.00,,,,G03
1215,,ITES TARIMORO,ITES TARIMORO,0.00,30,diramirez@itesi.edu.mx,,,,A,ITS951024V73,,,Aguascalientes,.,.,,Aguascalientes,,.,,,0.00,,,,G03
1261,,SECRETARIA DE SEGURIDAD PUBLICA,SECRETARIA DE SEGURIDAD PUBLICA,0.00,30,jgonzalezros@guanajuato.gob.mx; presupuestossp@guanajuato.gob.mx,,,,A,XAXX010101000,,,Aguascalientes,.,.,,Aguascalientes,,.,,,0.00,,,,G03
1175,,HOSPITAL SAN MIGUEL ALLENDE,Hospital General San Miguel Allende ,0.00,30,ispg.0802@guanajuato.gob.mx; recmat_hgsma@guanajuato.gob.mx,,,,A,XAXX010101000,,,Aguascalientes,.,.,,Aguascalientes,,.,,,0.00,,,,G03
1295,,UNIVERSIDAD POLITECNICA DE PENJAMO,UNIVERSIDAD POLITECNICA DE PENJAMO,0.00,30,apcompras@uppenjamo.edu.mx,,Efectivo,,A,UPP090908J46,,36921,Pénjamo,Predio %u201CEl Derramadero%u201D,44,,Guanajuato,PENJAMO,Carretera Irapuato - La Piedad km 44,,,0.00,,,,G03
1099,,CONSTRUCTORA ICOS SA DE CV,CONSTRUCTORA ICOS SA DE CV,0.00,30,rogelio_tovar@hotmail.com,,,,A,CIC070420CS6,,,Aguascalientes,.,.,,Aguascalientes,,.,,,0.00,,,,G03
1182,,HOSPITAL YURIRIA,HOSPITAL COMUNITARIO YURIRIA,0.00,30,azamudior@guanajuato.gob.mx; recmaterialeshcy@guanajuato.gob.mx,,,,A,XAXX010101000,,,Aguascalientes,.,.,,Aguascalientes,,.,,,0.00,,,,G03
1223,,JURISDICCION IV CAISES ACAMBARO,JURISDICCION IV CAISES ACAMBARO,0.00,30,ispg.0704@guanajuato.gob.mx; adquisiciones.js4@gmail.com,,,,A,XAXX010101000,,,Aguascalientes,.,.,,Aguascalientes,,.,,,0.00,,,,G03
1252,,PROCESOS ESPECIALIZADOS DE CARTON DE MEXICO,PROCESOS ESPECIALIZADOS DE CARTON DE MEXICO,0.00,30,luz.rios@pec.mx,,Efectivo,,A,PEC1405028T2,,37490,León,Ciudad Industrial,201,,Guanajuato,León,Aviadores,,,0.00,,,,G03
1032,,CAISES PURISIMA DEL JARDIN IRAPUATO,CAISES PURISIMA DEL JARDIN IRAPUATO,0.00,30,ispg.0706@guanajuato.gob.mx; admon.purisima@outlook.com,,,,A,XAXX010101000,,,Aguascalientes,.,.,,Aguascalientes,,.,,,0.00,,,,G03
1230,,LSF AUTOMATIZACION EN ANALISIS,LSF AUTOMATIZACION EN ANALISIS,0.00,30,recepcion@labsantafe.com,,Efectivo,,A,LAA070117RQ1,6621047165,83000,Hermosillo,HERMOSILLO CENTRO,10,,Sonora,HERMOSILLO,LUIS DONALDO COLOSIO,,,0.00,,,MAYOLA OCHOA,G03
1207,,INSTITUTO TECNOLOGICO SUPERIOR DE SALVATIERRA,INSTITUTO TECNOLOGICO SUPERIOR DE SALVATIERRA,0.00,30,mgomez@itess.edu.mx,,Efectivo,,A,ITS0908258A7,,38933,Salvatierra,Loc. Janicho,300,,Guanajuato,,Manuel Gómez Morin,,,0.00,,,,G03
1088,,CONALEP GUANAJUATO,CONALEP GUANAJUATO,0.00,30,,,,,A,XAXX010101000,,,Aguascalientes,.,.,,Aguascalientes,,.,,,0.00,,,,G03
1138,,GRAHAM,GRAHAM SOL DE MEX,0.00,30,auditor@solucionesalaorden.com,,Efectivo,,A,XAXX010101000,,,Aguascalientes,.,.,,Aguascalientes,,.,,,0.00,,,,G03
1112,,DELEGACION REGIONAL DE EDUCACION ESTE,DELEGACION REGIONAL DE EDUCACION ESTE,0.00,30,geg.1119@guanajuato.gob.mx; jose_estrella@seg.guanajuato.gob.mx,,,,A,XAXX010101000,,,Aguascalientes,.,.,,Aguascalientes,,.,,,0.00,,,,G03
1158,,HOSPITAL JARAL DEL PROGRESO,HOSPITAL JARAL DEL PROGRESO,0.00,30,rf_hcjaral@outlook.com; jeenriquezl@guanajuato.gob.mx,,,,A,XAXX010101000,,,Jaral del Progreso,.,.,,Guanajuato,,.,,,0.00,,,,G03
1141,,HOPSITAL APASEO EL GRANDE,HOPSITAL APASEO EL GRANDE,0.00,30,ispg.0708@guanajuato.gob.mx; apesacadorc@guanajuato.gob.mx,,,,A,XAXX010101000,,,Aguascalientes,.,.,,Aguascalientes,,.,,,0.00,,,,G03
1092,,CONALEP MOROLEON,CONALEP MOROLEON,0.00,30,monica.lopezg@conalepgto.edu.mx,,,,A,XAXX010101000,,,Aguascalientes,.,.,,Aguascalientes,,.,,,0.00,,,,G03
1171,,HOSPITAL SALVATIERRA,HOSPITAL SALVATIERRA,0.00,30,yesilop1928@gmail.com; hg.salvatierra.compras@guanajuato.gob.mx,,,,A,XAXX010101000,,,Aguascalientes,.,.,,Aguascalientes,,.,,,0.00,,,,G03
1091,,CONALEP LEON III,CONALEP LEON III,0.00,30,,,,,A,XAXX010101000,,,Aguascalientes,.,.,,Aguascalientes,,.,,,0.00,,,,G03
1209,,ISAPEG ALMACEN CENTRAL,ISAPEG ALMACEN CENTRAL,0.00,30,bbarajasd@guanajuato.gob.mx; ispg.0502@guanajuato.gob.mx; limoralesc@guanajuato.gob.mx,,,,A,XAXX010101000,,,Aguascalientes,.,.,,Aguascalientes,,.,,,0.00,,,,G03
1011,,HOSPITAL ABASOLO,HOSPITAL ABASOLO,0.00,30,cpedithfajardo@gmail.com; comprashcabasolo@gmail.com,,,,A,XAXX010101000,,,Aguascalientes,.,.,,Aguascalientes,,.,,,0.00,,,,G03
1017,,ALTOPRO,ALTOPRO,0.00,30,compras.irapuato@altopro.com.mx,,Efectivo,,A,ALT830311646,,9860,Álvaro Obregón,CERRO DE LA ESTRELLA,379,,Ciudad de México,IZTAPALAPA,ESPAÑA,,,0.00,,,,G03
1039,,CAISES SANTA ANA PACUECO,CAISES SANTA ANA PACUECO,0.00,30,ispg.0706@guanajuato.gob.mx; financieros.jurisvi@gmail.com; comprasjur6@gmail.com,,,,A,XAXX010101000,,,Aguascalientes,.,.,,Aguascalientes,,.,,,0.00,,,,G03
1231,,Laboratorio Estatal de Salud Pública del Estado de Guanajuato,Laboratorio Estatal de Salud Pública del Estado de Guanajuato,0.00,30,finanzaslabgto1@guanajuato.gob.mx; ispg.0901@guanajuato.gob.mx; rfinancieros.laesap@gmail.com; compraslaesapgto@guanajuato.gob.mx,,,,A,XAXX010101000,,,León,.,.,,Guanajuato,,.,,,0.00,,,,G03
1277,,SETEX,SETEX SOLUCIONES A LA ORDEN Y PROYECTOS INDUSTRIALES,0.00,30,vianeth.vega@solucionesalaorden.com,,Efectivo,,A,XAXX010101000,,,Aguascalientes,.,.,,Aguascalientes,,.,,,0.00,,,,G03
1103,,COORDINACION GENERAL JURIDICA,COORDINACION GENERAL JURIDICA,0.00,30,mantoniop@guanajuato.gob.mx,,,,A,XAXX010101000,,,Aguascalientes,.,.,,Aguascalientes,,.,,,0.00,,,,G03
1118,,DIRECCION GENERAL DE REGISTRO PUBLICO DE LA PROPIEDAD,DIRECCION GENERAL DE REGISTRO PUBLICO DE LA PROPIEDAD,0.00,30,jdonatog@guanajuato.gob.mx,,,,A,XAXX010101000,,,Aguascalientes,.,.,,Aguascalientes,,.,,,0.00,,,,G03
1114,,DELEGACION REGIONAL DE EDUCACION NORTE,DELEGACION REGIONAL DE EDUCACION NORTE,0.00,30,geg.1119@guanajuato.gob.mx; h_arvizu@seg.guanajuato.gob.mx,,,,A,XAXX010101000,,,Aguascalientes,.,.,,Aguascalientes,,.,,,0.00,,,,G03
1267,,SEG DOLORES HIDALGO,SEG DOLORES HIDALGO,0.00,30,,,,,A,XAXX010101000,,,Aguascalientes,.,.,,Aguascalientes,,.,,,0.00,,,,G03
1233,,MANNY,MANNY,0.00,30,enrique.velazquez@solucionesalaorden.com,,,,A,XAXX010101000,,,Aguascalientes,.,.,,Aguascalientes,,.,,,0.00,,,,G03
1049,,CECYTEG DOLORES HIDALGO,CECYTEG DOLORES HIDALGO,0.00,30,sandra.cervantesh@cecyteg.edu.mx,,,,A,XAXX010101000,,,Aguascalientes,.,.,,Aguascalientes,,.,,,0.00,,,,G03
1101,,CONTINENTAL COLINAS,CONTINENTAL COLINAS SOL MEX,0.00,30,gustavo.conde@solucionesalaorden.com,,Efectivo,,A,XAXX010101000,,,Aguascalientes,.,.,,Aguascalientes,,.,,,0.00,,,,G03
1265,,SEG ACAMBARO,SEG ACAMBARO,0.00,30,,,,,A,XAXX010101000,,,Aguascalientes,.,.,,Aguascalientes,,.,,,0.00,,,,G03
1035,,CAISES SALAMANCA,CAISES SALAMANCA,0.00,30,msgarciaperez@guanajuato.gob.mx,,,,A,XAXX010101000,"01 464 648 00 01, 648 00 09 EXT. 107",,Aguascalientes,.,.,,Aguascalientes,,.,,,0.00,,,,G03
1097,,CONALEP SAN JOSE ITURBIDE,CONALEP SAN JOSE ITURBIDE,0.00,30, eloy.perezc@conalepgto.edu.mx,,,,A,XAXX010101000,,,Aguascalientes,.,.,,Aguascalientes,,.,,,0.00,,,,G03
1228,,KS TINAS SOLUCIONES DE MEXICO,KS TINAS SOL MEX,0.00,30,vianeth.vega@solucionesalaorden.com,,Efectivo,,A,XAXX010101000,,,Aguascalientes,.,.,,Aguascalientes,,.,,,0.00,,,,G03
1217,,INSTITUTO DE FORMACION EN SEGURIDAD PUBLICA DEL ESTADO,INSTITUTO DE FORMACION EN SEGURIDAD PUBLICA DEL ESTADO,0.00,30, agonzalezhe@guanajuato.gob.mx,,Efectivo,,A,IFS181114C46,,36250,Guanajuato,MARFIL CENTRO,KILOMETRO 7.5,,Guanajuato,,GUANAJUATO JUVENTINO ROSAS,,,0.00,,,,G03
1301,,UNIVERSIDAD TECNOLOGICA DEL NORTE DE GUANAJUATO,UNIVERSIDAD TECNOLOGICA DEL NORTE DE GUANAJUATO,0.00,30,laura.arellano@utng.edu.mx; hector.godinez@utng.edu.mx; utng.0401@guanajuato.gob.mx,,Efectivo,,A,UTN9311127P0,,37800,Dolores Hidalgo Cuna de la Independencia Nacional,Fracc. Universidad,34,,Guanajuato,,AV. EDUCACIÓN TECNOLÓGICA,,,0.00,,,,G03
1098,,CONALEP VALLE,CONALEP VALLE,0.00,30,braulio.sierraf@conalepgto.edu.mx,,,,A,XAXX010101000,,,Aguascalientes,.,.,,Aguascalientes,,.,,,0.00,,,,G03
1036,,CAISES SAN DIEGO DE LA UNION,CAISES SAN DIEGO DE LA UNION,0.00,30,ispg.0701@guanajuato.gob.mx; ereyna1280@gmail.com; diego_santes@hotmail.com,,,,A,XAXX010101000,,,San Diego de la Unión,.,.,,Guanajuato,,.,,,0.00,,,,G03
1052,,CECYTEG IRAPUATO PLANTEL II,CECYTEG IRAPUATO PLANTEL II,0.00,30,maria.perezv@cecyteg.edu.mx,,,,A,XAXX010101000,,,Aguascalientes,.,.,,Aguascalientes,,.,,,0.00,,,,G03
1273,,SEG SAN LUIS DE LA PAZ,SEG SAN LUIS DE LA PAZ,0.00,30,,,,,A,XAXX010101000,,,Aguascalientes,.,.,,Aguascalientes,,.,,,0.00,,,,G03
1254,,RECURSOS FINANCIEROS LRS,RECURSOS FINANCIEROS LRS,0.00,30,rfinancieros.laesap@gmail.com,,,,A,XAXX010101000,,,Aguascalientes,.,.,,Aguascalientes,,.,,,0.00,,,,G03
1120,,Delegación Regional de Educación Sur Oeste,Delegación Regional de Educación Sur Oeste,0.00,30,geg.1124@guanajuato.gob.mx; e_sanchezm@seg.guanajuato.gob.mx,,,,A,XAXX010101000,,,Aguascalientes,.,.,,Aguascalientes,,.,,,0.00,,,,G03
1015,,ADRIANA ELIZABETH VELAZQUEZ,ADRIANA ELIZABETH VELAZQUEZ,0.00,30,,,,,A,XAXX010101000,,,Aguascalientes,.,.,,Aguascalientes,,.,,,0.00,,,,G03
1060,,CECYTEG ROMITA,CECYTEG ROMITA,0.00,30,felix.guadian@cecyteg.edu.mx,,,,A,XAXX010101000,,,Aguascalientes,.,.,,Aguascalientes,,.,,,0.00,,,,G03
1026,,CAISES GALAXIA EL NARANJAL IRAPUATO,CAISES Galaxia el Naranjal irapuato,0.00,30,ispg.0706@guanajuato.gob.mx; jjsandoval@guanajuato.gob.mx,,,,A,XAXX010101000,,,Aguascalientes,.,.,,Aguascalientes,,.,,,0.00,,,,G03
1184,,IMPLEMENTACION Y DESARROLLO DE PROYECTOS,IMPLEMENTACION Y DESARROLLO DE PROYECTOS,0.00,30,eduardo.delgado@mx-idp.com; sara.celis@mx-ldp.com,,,,A,IDP180816IW5,,,Aguascalientes,.,.,,Aguascalientes,,.,,,0.00,,,,G03
1033,,CAISES Purisima del Rincon VIII,CAISES Purisima del Rincon VIII,0.00,30,proveedores_purisima@hotmail.com; bgarciag@guanajuato.gob.mx,,,,A,XAXX010101000,,,Aguascalientes,.,.,,Aguascalientes,,.,,,0.00,,,,G03
1270,,SEG IRAPUATO,SEG IRAPUATO,0.00,30,,,,,A,XAXX010101000,,,Aguascalientes,.,.,,Aguascalientes,,.,,,0.00,,,,G03
1024,,CAISES COLONIA JUAREZ IRAPUATO,CAISES COLONIA JUAREZ ,0.00,30,ispg.0701@guanajuato.gob.mx; financieros.jurisvi@gmail.com; comprasjur6@gmail.com,,,,A,XAXX010101000,,,Aguascalientes,.,.,,Aguascalientes,,.,,,0.00,,,,G03
1069,,CECYTEG XONOTLI,CECYTEG XONOTLI,0.00,30,maria.maldonadop@cecyteg.edu.mx ,,,,A,XAXX010101000,,,Aguascalientes,.,.,,Aguascalientes,,.,,,0.00,,,,G03
1189,,INE IRAPUATO JUNTA 15,INE IRAPUATO JUNTA 15,0.00,30,liz_topt@hotmail.com; info@comereco-lab.com,,,,A,XAXX010101000,,,Aguascalientes,.,.,,Aguascalientes,,.,,,0.00,,,,G03
1135,,GKN FORJA,GKN FORJA,0.00,30,vianeth.vega@solucionesalaorden.com,,,,A,XAXX010101000,,,Aguascalientes,.,.,,Aguascalientes,,.,,,0.00,,,,G03
1057,,CECYTEG PUEBLO NUEBLO,CECYTEG PUEBLO NUEBLO,0.00,30,jesus.ramosc@cecyteg.edu.mx,,,,A,XAXX010101000,,,Aguascalientes,.,.,,Aguascalientes,,.,,,0.00,,,,G03
1268,,SEG FIPASI,SEG FIPASI,0.00,30,,,,,A,XAXX010101000,,,Aguascalientes,.,.,,Aguascalientes,,.,,,0.00,,,,G03
1025,,CAISES DOLORES,CAISES DOLORES HIDALGO,0.00,30,factura.caisesdh@gmail.com; ispg.0701@guanajuato.gob.mx; ereyna1280@gmail.com; el_manee@hotmail.com; maribadigo@gmail.com,,Efectivo,,A,XAXX010101000,,,Dolores Hidalgo Cuna de la Independencia Nacional,.,.,,Guanajuato,,.,,,0.00,,,,G03
1056,,CECYTEG PENJAMO,CECYTEG PENJAMO,0.00,30,mauricio.torrest@cecyteg.edu.mx,,,,A,XAXX010101000,,,Aguascalientes,.,.,,Aguascalientes,,.,,,0.00,,,,G03
1291,,UMAPS PUEBLO NUEVO,UMAPS PUEBLO NUEVO,0.00,30,ispg.0706@guanajuato.gob.mx; semiramis_febre17@hotmail.com; jsegovianogue@guanajuato.gob.mx,,,,A,XAXX010101000,,,Aguascalientes,.,.,,Aguascalientes,,.,,,0.00,,,,G03
1059,,CECYTEG RINCON DE TAMAYO,CECYTEG RINCON DE TAMAYO,0.00,30,maria.rangel@cecyteg.edu.mx,,,,A,XAXX010101000,,,Aguascalientes,.,.,,Aguascalientes,,.,,,0.00,,,,G03
1240,,MUSEO ICONOGRAFICO DEL QUIJOTE ,MUSEO ICONOGRAFICO DEL QUIJOTE ,0.00,30,j.morenalba@gmail.com,,Efectivo,,A,MIQ8712258ZA,,36000,Guanajuato,Zona Centro,1,,Guanajuato,,Manuel Doblado,,,0.00,,,,G03
1255,,SAFASY CONTRATISTAS INDUSTRIALES S. DE R.L. DE C.V.,SAFASY CONTRATISTAS INDUSTRIALES S. DE R.L. DE C.V.,0.00,30,angie.safasy@hotmail.com,,,,A,SCI181009946,,,Aguascalientes,.,.,,Aguascalientes,,.,,,0.00,,,,G03
1308,,VITESCO,VITESCO SOLUCIONES A LA ORDEN DE MEXICO,0.00,30,alejandro.chavez@solucionesalaorden.com,,Efectivo,,A,XAXX010101000,,,Aguascalientes,.,.,,Aguascalientes,,.,,,0.00,,,,G03
1150,,HOSPITAL DE JUVENTINO ROSAS,HOSPITAL DE JUVENTINO ROSA,0.00,30,talvarezp@guanajuato.gob.mx; eriosv@guanajuato.gob.mx,,,,A,XAXX010101000,,,Aguascalientes,.,.,,Aguascalientes,,.,,,0.00,,,,G03
1296,,UNIVERSIDAD POLITECNICA DEL BICENTENARIO,UNIVERSIDAD POLITECNICA DEL BICENTENARIO,0.00,30,gortegag@upbicentenario.edu.mx,,Efectivo,,A,UPB100918TK6,,36283,Silao,.,.,,Guanajuato,,"CARRETERA ESTATAL SILAO-ROMITA KILOMETRO 2, SAN JUAN DE LOS DURAN GUANAJUATO",,,0.00,,,,G03
1179,,HOSPITAL URIANGATO,HOSPITAL URIANGATO,0.00,30,hg_uriangatocompras@guanajuato.gob.mx,,,,A,XAXX010101000,,,Aguascalientes,.,.,,Aguascalientes,,.,,,0.00,,,,G03
1310,,SOLUCIONES A LA ORDEN DE MEXICO,SOLUCIONES A LA ORDEN DE MEXICO,0.00,0,facturassolven@gmail.com,,,,A,SOM171011F96,,36615,Irapuato,Fracc. Tabachines,136,,Guanajuato,,El salvador,,,0.00,,,,G03
1289,,TEKFOR,TEKFOR,0.00,30,alejandro.chavez@solucionesalaorden.com,,,,A,XAXX010101000,,,Aguascalientes,.,.,,Aguascalientes,,.,,,0.00,,,,G03
1236,,MOL,MOL,0.00,30,auditor@solucionesalaorden.com,,,,A,XAXX010101000,,,Aguascalientes,.,.,,Aguascalientes,,.,,,0.00,,,,G03
1018,,ASOCIACION DE PADRES DE FAMILIA DEL COLEGIO 029 DE IRAPUATO,ASOCIACION DE PADRES DE FAMILIA DEL COLEGIO 029 DE IRAPUATO,0.00,30,trinidad.sanchezs@gto.conalep.edu.mx,,,,A,APF071123K78,,,Aguascalientes,.,.,,Aguascalientes,,.,,,0.00,,,,G03
1043,,CAISES VILLAGRAN,CAISES VILLAGRAN,0.00,30,groldanv@guanajuato.gob.mx; acervantess@guanajuato.gob.mx,,,,A,XAXX010101000,,,Aguascalientes,.,.,,Aguascalientes,,.,,,0.00,,,,G03
1247,,OXXO BARA,OXXO BARA,0.00,30,auditor@solucionesalaorden.com,,,,A,XAXX010101000,,,Aguascalientes,.,.,,Aguascalientes,,.,,,0.00,,,,G03
1087,,CONALEP CORTAZAR,CONALEP CORTAZAR,0.00,30, jorge.patinoj@conalepgto.edu.mx,,,,A,XAXX010101000,,,Aguascalientes,.,.,,Aguascalientes,,.,,,0.00,,,,G03
1146,,HOSPITAL CELAYA,HOSPITAL CELAYA,0.00,30,ispg.0803@guanajuato.gob.mx; hcelaya_sp@hotmail.com; evalenzuelam@guanajuato.gob.mx,,,,A,XAXX010101000,,,Aguascalientes,.,.,,Aguascalientes,,.,,,0.00,,,,G03
1048,,CECYTEG CORONEO,CECYTEG CORONEO,0.00,30, ricardo.miranda@cecyteg.edu.mx,,,,A,XAXX010101000,,,Aguascalientes,.,.,,Aguascalientes,,.,,,0.00,,,,G03
1180,,HOSPITAL VALLE DE SANTIAGO,HOSPITAL VALLE DE SANTIAGO,0.00,30,compras_hgvs@guanajuato.gob.mx,,,,A,XAXX010101000,,,Aguascalientes,.,.,,Aguascalientes,,.,,,0.00,,,,G03
1253,,"PROCURADURÍA ESTATAL DE PROTECCIÓN DE NIÑAS, NIÑOS Y ADOLESCENTES DEL ESTADO DE GANAJUATO","PROCURADURÍA ESTATAL DE PROTECCIÓN DE NIÑAS, NIÑOS Y ADOLESCENTES DEL ESTADO DE GANAJUATO",0.00,30,mvazquezc@guanajuato.gob.mx,,,,A,PEP190801V80,,,Aguascalientes,.,.,,Aguascalientes,,.,,,0.00,,,,G03
1300,,UNIVERSIDAD TECNOLOGICA DE SAN MIGUEL DE ALLENDE,UNIVERSIDAD TECNOLOGICA DE SAN MIGUEL DE ALLENDE,0.00,30,coordinacion_compras@utsma.edu.mx,,Efectivo,,A,UTS100914JYA,,37700,San Miguel de Allende,CASCO  DE LANDETA,NO. 8,,Guanajuato,SAN MIGUEL DE ALLENDE,CAMINO A SAN JULIÁN,,,0.00,,,,G03
1111,,DELEGACION REGIONAL DE EDUCACION CENTRO SUR,DELEGACION REGIONAL DE EDUCACION CENTRO SUR,0.00,30,da_rodriguez@seg.guanajuato.gob.mx; geg.1125@guanajuato.gob.mx,,,,A,XAXX010101000,,,Aguascalientes,.,.,,Aguascalientes,,.,,,0.00,,,,G03
1198,,INSTITUTO DE SEGURIDAD SOCIAL DEL ESTADO DE GUANAJUATO,INSTITUTO DE SEGURIDAD SOCIAL DEL ESTADO DE GUANAJUATO,0.00,30,jalmaguersi@isseg.gob.mx; rhernandezgu@isseg.gob.mx; mgarciaye@isseg.gob.mx; mtinocoso@isseg.gob.mx,,Efectivo,,A,ISS771016B96,,36259,Guanajuato,Yerbabuena,Km. 10,,Guanajuato,,Carretera Guanajuato-Juventino Rosas,,,0.00,,,,G03
1271,,SEG LEON,SEG LEON,0.00,30,,,,,A,XAXX010101000,,,Aguascalientes,.,.,,Aguascalientes,,.,,,0.00,,,,G03
1053,,CECYTEG JUVENTINO ROSAS,CECYTEG JUVENTINO ROSAS,0.00,30,nancy.maresm@cecyteg.edu.mx,,,,A,XAXX010101000,,,Aguascalientes,.,.,,Aguascalientes,,.,,,0.00,,,,G03
1058,,CECYTEG PURISIMA RINCON,CECYTEG PURISIMA RINCON,0.00,30,diego.becerra@cecyteg.edu.mx,,,,A,XAXX010101000,,,Aguascalientes,.,.,,Aguascalientes,,.,,,0.00,,,,G03
1041,,CAISES TORRES LANDA,CAISES TORRES LANDA,0.00,30,ispg.0706@guanajuato.gob.mx; rosy_colon2008@hotmail.com,,,,A,XAXX010101000,,,Aguascalientes,.,.,,Aguascalientes,,.,,,0.00,,,,G03
1284,,Secretaria de Desarrollo Económico Sustentable,Secretaria de Desarrollo Económico Sustentable,0.00,30,gpadillar@guanajuato.gob.mx,,,,A,XAXX010101000,,,Aguascalientes,.,.,,Aguascalientes,,.,,,0.00,,,,G03
1272,,SEG SALAMANCA,SEG SALAMANCA,0.00,30,,,,,A,XAXX010101000,,,Aguascalientes,.,.,,Aguascalientes,,.,,,0.00,,,,G03
1076,,CESSA PENJAMO,CESSA PENJAMO,0.00,30,financieros.jurisvi@gmail.com; comprasjur6@gmail.com,,,,A,XAXX010101000,,,Aguascalientes,.,.,,Aguascalientes,,.,,,0.00,,,,G03
1050,,CECYTEG DR. MORA,CECYTEG DR. MORA,0.00,30,mildred.alvaradov@cecyteg.edu.mx,,,,A,XAXX010101000,,,Aguascalientes,.,.,,Aguascalientes,,.,,,0.00,,,,G03
1037,,CAISES SAN FELIPE,CAISES SAN FELIPE,0.00,30,amoran_fco@hotmail.com; sricoh@guanajuato.gob.mx,,,,A,XAXX010101000,,,San Felipe,.,.,,Guanajuato,,.,,,0.00,,,,G03
1166,,HOSPITAL PENJAMO,HOSPITAL PENJAMO,0.00,30,dguerrala@guanajuato.gob.mx; fvacame@guanajauto.gob.mx,,,,A,XAXX010101000,,,Aguascalientes,.,.,,Aguascalientes,,.,,,0.00,,,,G03
1110,,DELEGACION REGIONAL DE EDUCACION CENTRO OESTE,DELEGACION REGIONAL DE EDUCACION CENTRO OESTE,0.00,30,geg.1122@guanajuato.gob.mx; p_hernandez@seg.guanajuato.gob.mx,,,,A,XAXX010101000,01 (473) 73 5 10 14,,Aguascalientes,.,.,,Aguascalientes,,.,,,0.00,,,,G03
1083,,COMISION ESTATAL DE ATENCION INTEGRAL A VICTIMAS,COMISION ESTATAL DE ATENCION INTEGRAL A VICTIMAS,0.00,30,aperera@guanajuato.gob.mx,,Efectivo,,A,CEA2005284Z3,,36010,Guanajuato,MINERAL DE CATA,.,2,Guanajuato,,PLAZUELA MINERAL DE CATA,,,0.00,,,,G03
1202,,INSTITUTO POLITECNICO NACIONAL,INSTITUTO POLITECNICO NACIONAL,0.00,30,,,,,A,IPN811229H26,,,Aguascalientes,.,.,,Aguascalientes,,.,,,0.00,,,,G03
1258,,SECRETARIA DE EDUCACION DE GUANAJUATO ,SECRETARIA DE EDUCACION DE GUANAJUATO ,0.00,30,geg.1112@guanajuato.gob.mx; e_gomez@seg.guanajuato.gob.mx; f_segovianol@seg.guanajuato.gob.mx,,,,A,XAXX010101000,,,Aguascalientes,.,.,,Aguascalientes,,.,,,0.00,,,,G03
1294,,UNIVERSIDAD POLITECNICA DE GUANAJUATO,UNIVERSIDAD POLITECNICA DE GUANAJUATO,0.00,30,rcenteno@upgto.edu.mx,,Efectivo,,A,UPG050802SQ4,,38496,Cortazar,.,1001,,Guanajuato,,AVENIDA UNIVERSIDAD SUR,,,0.00,,,,G03
1241,,NAKAGAWA,NAKAGAWA,0.00,30,maribel@solucionesalaorden.com,,,,A,XAXX010101000,,,Aguascalientes,.,.,,Aguascalientes,,.,,,0.00,,,,G03
1169,,HOSPITAL ROMITA,HOSPITAL ROMITA,0.00,30,isabelpvci_5@hotmail.com,,,,A,XAXX010101000,,,Aguascalientes,.,.,,Aguascalientes,,.,,,0.00,,,,G03
1316,,DEPORTIVA SUR,DEPORTIVA SUR,0.00,0,,,,,A,XAXX010101000,,.,Irapuato,.,4,,Guanajuato,Irapuato,.,,,,,,,G03
1096,,CONALEP SAN FELIPE,CONALEP SAN FELIPE,0.00,30,citlalli.moraj@conalepgto.edu.mx,,,,A,XAXX010101000,,,Aguascalientes,.,.,,Aguascalientes,,.,,,0.00,,,,G03
1286,,"Secretaría de Infraestructura, Conectividad y Movilidad","Secretaría de Infraestructura, Conectividad y Movilidad",0.00,30,mpatino@guanajuato.gob.mx; mricog@guanajuato.gob.mx,,,,A,XAXX010101000,,,Aguascalientes,.,.,,Aguascalientes,,.,,,0.00,,,,G03
1283,,SPX,SPX SOLUCIONES A LA ORDEN DE MEXICO,0.00,30,auditor@solucionesalaorden.com,,Efectivo,,A,XAXX010101000,,,Aguascalientes,.,.,,Aguascalientes,,.,,,0.00,,,,G03
1066,,CECYTEG SILAO,CECYTEG SILAO,0.00,30,margarita.vaca@cecyteg.edu.mx,,,,A,XAXX010101000,,,Aguascalientes,.,.,,Aguascalientes,,.,,,0.00,,,,G03
1136,,GKN SINTER,GKN SINTER SOLUCIONES A LA ORDEN Y PROYECTOS INDUSTRIALES,0.00,30,vianeth.vega@solucionesalaorden.com,,Efectivo,,A,XAXX010101000,,,Aguascalientes,.,.,,Aguascalientes,,.,,,0.00,,,,G03
1176,,HOSPITAL SILAO,HOSPITAL SILAO,0.00,30,gbarronr@guanajuato.gob.mx; bettyroduran@hotmail.com; ispg.0827@guanajuato.gob.mx,,,,A,XAXX010101000,,,Aguascalientes,.,.,,Aguascalientes,,.,,,0.00,,,,G03
1030,,CAISES MOROLEON,CAISES MOROLEON,0.00,30,evergilmal@guanajuato.gob.mx,,,,A,XAXX010101000,,,Aguascalientes,.,.,,Aguascalientes,,.,,,0.00,,,,G03
1012,, Jurisdicción Sanitaria VII Leon, Jurisdicción Sanitaria VII Leon,0.00,30,ispg.0707@guanajuato.gob.mx; mmonjarazs@guanajuato.gob.mx,,,,A,XAXX010101000,,,Aguascalientes,.,.,,Aguascalientes,,.,,,0.00,,,,G03
1126,,ESCUELA PREPARATORIA REGIONAL DEL RINCON,ESCUELA PREPARATORIA REGIONAL DEL RINCON,0.00,30,aguevaraher@guanajuato.gob.mx,,,,A,EPR041005S38,,36442,San Francisco del Rincón,Barrio de Guadalupe,s/n,,Guanajuato,,Blvd. Ojo de Agua,,,0.00,,,,G03
1342,,COMERECO,COMERECO,0.00,0,,,,,SOLUCIONES,XAXX010101000,,,Aguascalientes,,,,Aguascalientes,,,,,,,,,G03
1282,,SOLUCIONES A LA ORDEN Y PROYECTOS INDUSTRIALES,SOLUCIONES A LA ORDEN Y PROYECTOS INDUSTRIALES,0.00,30,facturassolven@gmail.com,,Efectivo,,SOLUCIONES,SOP171122348,,36615,Irapuato,Tabachines,136,c,Guanajuato,,El Salvador,Argentina,Ecuador,0.00,,,,G03
1281,,SOLUCIONES A LA ORDEN DE MEXICO,SOLUCIONES A LA ORDEN DE MEXICO,0.00,30,facturassolven@gmail.com,,Efectivo,,SOLUCIONES,SOM171011F96,,36615,Irapuato,Tabachines,136,,Guanajuato,,El Salvador,Argentina,Ecuador,0.00,,,,G03
1327,,MANNY,LUIS ENRIQUE VELAZQUEZ RODRIGUEZ,100000.00,30,facturassolven@gmail.com,Matriz,Efectivo,,SOLUCIONES,VERL680201HF3,,36580,Irapuato,Guanajuato,100,,Guanajuato,Irapuato,Valenciana,,,,,,,G03
