ID,No Producto,Codigo,Titulo,SKU,Tiempo de surtido,Volumen,Peso,Costo,Tipo de IVA.,Moneda,Tipo,Tipo de Compra,Costeo,IEPS,Tipo de IEPS,Unidad de Medida,Categoria 1,Categoria 2,Categoria 3,Descripcion,Produccion automatizada,Clave CFDI,Unidad CFDI,
2a908ead-db96-44ad-bb61-ea8cbdfd0da9,1588,95137-50G-F,"1-Butyl-3-methylimidazolium bromide, >97.0% (HPLC), 50 g, Sigma Aldrich",,0,0.0000,0.0000,2902.2400,16 %,MXN,0,0,2,0.0000,Tasa,PZA,,,,,No,1010101,H87,
33b5f14a-270d-48d9-814f-d8ec8b0db355,1587,91508-50G,"1-Butyl-3-methylimidazolium tetrafluoroborate, ≥97.0% (HPLC), 50 g. Sigma Aldrich 91508",,0,0.0000,0.0000,5740.4600,16 %,MXN,0,0,2,0.0000,Tasa,PZA,,,,,No,1010101,H87,
b4fa7211-3d0e-4ca9-b6dd-83c858472b78,1517,472328-100ML,"1-Octanol ACS reagent, ≥99%, 100 ml. Sigma Aldrich",,0,0.0000,0.0000,1213.4700,16 %,MXN,0,0,2,0.0000,Tasa,PZA,,,,,No,1010101,H87,
6e97d176-1699-420a-b26e-a308f0cf0764,1580,I3750-5G,"3-INDOLEACETIC ACID 98%, 5 G. SIGMA ALDRICH",,0,0.0000,0.0000,668.3300,16 %,MXN,0,0,2,0.0000,Tasa,PZA,,,,,No,1010101,H87,
d9500f98-14d1-4478-82f3-9963b434d10e,1554,1030580100,"4-(DIMETILAMINO)-BENZALDEHIDO, PARA ANALISIS REAG., 100 G. MERCK",,0,0.0000,0.0000,3049.5000,16 %,MXN,0,0,2,0.0000,Tasa,PZA,,,,,No,1010101,H87,
05a8c63c-77b2-4faa-90c2-63aa63c3e88a,1000,QUI1,ABRILLANTADOR DE MUEBLES WIESE,,0,0.0000,0.0000,45.8970,16 %,MXN,0,0,2,0.0000,Tasa,Pieza,QUIMICOS,,,ABRILLANTADOR DE MUEBLES WIESE,No,12161803,H87,
e04e30a4-0fb0-436f-b8fd-ef938ee27373,1001,QUI2,ABRILLANTADOR DE VINIL MARCA ARMONIA,,0,0.0000,0.0000,40.0000,16 %,MXN,0,0,2,0.0000,Tasa,Litro,QUIMICOS,,,,No,12181600,LTR,
59939d9d-f80e-4d05-b83c-129bb8448af1,1002,QUI3,ACEITE DE PINO,,0,0.0000,0.0000,101.3000,16 %,MXN,2,0,2,0.0000,Tasa,Litro,QUIMICOS,,,,No,14101500,LTR,
40a418fc-9368-4dd7-8702-5f0c91aca26b,1003,QUI4,ACEITE PARA MOP,,0,0.0000,0.0000,52.8170,16 %,MXN,0,0,2,0.0000,Tasa,Litro,QUIMICOS,,,,No,12181600,LTR,
bded73c8-d9ee-4a63-904d-a3d0b58e6bd2,1004,QUI5,ACEITE ROJO PARA MUEBLES AGRANEL,,0,0.0000,0.0000,30.0000,16 %,MXN,0,0,2,0.0000,Tasa,Litro,QUIMICOS,,,,No,12181600,LTR,
34beac04-0fb5-45c6-bec5-0163596b4a4b,1534,GB-28350-500,ACETATO DE SODIO TRIHIDRATO DE 500 G. GOLDEN BELL,,0,0.0000,0.0000,207.0600,16 %,MXN,0,0,2,0.0000,Tasa,PZA,,,,,No,1010101,H87,
4591a91a-70d7-427e-9679-27bddad95b8c,1545,8000281000,"Acetofenona, 1 L. MERCK",,0,0.0000,0.0000,977.0000,16 %,MXN,0,0,2,0.0000,Tasa,PZA,,,,,No,1010101,H87,
8cf4a744-6a5f-432d-86d8-47425f8a782c,1005,QUI6,ACIDO CLORHIDRICO,,0,0.0000,0.0000,9.7900,16 %,MXN,2,0,2,0.0000,Tasa,Kilogramo,QUIMICOS,,,,Si,47131831,KGM,
336c0288-b311-4d7b-b46f-9dc6c0939ac5,1559,0115-500,"ACIDO FENICO CRISTAL (FENOL) ACS, 500 G. MEYER",,0,0.0000,0.0000,722.4000,16 %,MXN,0,0,2,0.0000,Tasa,PZA,,,,,No,1010101,H87,
72b01101-f2a0-41f3-87c7-d54011ce8287,1589,1002641000,"Ácido fórmico 98-100%, p.a. EMSURE, 1 L. Supelco",,0,0.0000,0.0000,972.8000,16 %,MXN,0,0,2,0.0000,Tasa,PZA,,,,,No,1010101,H87,
b9da0477-9935-431b-b35f-5f23481ecadb,1006,QUI7,ACIDO MURIATICO,,0,0.0000,0.0000,0.0000,16 %,MXN,0,0,2,0.0000,Tasa,Pieza,QUIMICOS,,,,No,47131800,H87,
3145130f-7fb5-4f38-a8c7-c103ec16a943,1007,ADBS,ADBS,,0,0.0000,0.0000,44.4020,16 %,MXN,1,0,2,0.0000,Tasa,Litro,MATERIA PRIMA,,,,Si,1010101,LTR,
6a611b14-92b3-4114-83f3-e4b8e5f070ae,1566,0345-20,"AGUA DESTILADA  A.C.S., 20 L. MEYER",,0,0.0000,0.0000,301.8000,0 %,MXN,0,0,2,0.0000,Tasa,PZA,,,,,No,1010101,H87,
1e7cc124-421b-4bf3-9e89-710a86d9c8fe,1556,0355-1000,"AGUA OXIGENADA  29-32% (100 VOLS.) A.C.S., 1 L. MEYER",,0,0.0000,0.0000,242.4000,16 %,MXN,0,0,2,0.0000,Tasa,PZA,,,,,No,1010101,H87,
01332dd6-49e5-463a-bcca-7369c4cd63c1,1442,AGU,AGUJA,,0,0.0000,0.0000,159.0000,16 %,MXN,0,0,2,0.0000,Tasa,PZA,,,,,No,1010101,H87,
73aff2e2-75e3-43c8-87ad-ee2fd644eeaf,1333,EQ01,AIRE ACONDICIONADO,,0,0.0000,0.0000,4784.4830,16 %,MXN,0,0,2,0.0000,Tasa,PIEZA,EQUIPO,,,,No,40101701,H87,
87bc7faf-9499-48c6-a06b-348bf16920a0,1423,GB-80200-125,ALCOHOL ACETONA 1:1 EMPLEADA EQ DE GRAM 125 ML. GOLDEN BELL,,0,0.0000,0.0000,24.3600,16 %,MXN,0,0,2,0.0000,Tasa,PZA,,,,,No,1010101,H87,
1c2df594-e71e-415b-b014-9026d70b3a4b,1531,GB-30400-1000,"ALCOHOL AMILICO, NORMAL, A.C.S., 1 L. GOLDEN BELL",,0,0.0000,0.0000,621.1800,16 %,MXN,0,0,2,0.0000,Tasa,PZA,,,,,No,1010101,H87,
17df40b0-5c14-4677-ba0a-290f6a5dcf9b,1008,QUI8,ALCOHOL ETILICO 70% FABRICACION NACIONAL ,,0,0.0000,0.0000,0.0000,16 %,MXN,0,0,2,0.0000,Tasa,Litro,QUIMICOS,,,,No,12352104,LTR,
ec1fa671-27ed-4d23-ba72-fbd1a8456ecb,1429,AZ-02,"ALCOHOL ETILICO 70°, 1 L",,0,0.0000,0.0000,47.2800,16 %,MXN,0,0,2,0.0000,Tasa,PZA,,,,,No,1010101,H87,
c8ec6d34-079c-4a92-aad5-00ce4c73bcea,1009,QUI9,ALCOHOL ETILICO 96% FABRICACION NACIONAL,,0,0.0000,0.0000,36.6400,16 %,MXN,0,0,2,0.0000,Tasa,Litro,QUIMICOS,,,,No,12352104,LTR,
9de20263-c809-4f98-8acd-6e5d07012001,1546,ETANOL96,"ALCOHOL ETILICO 96°, GARRAFA DE 20 L. ALCESA",,0,0.0000,0.0000,646.5520,16 %,MXN,0,0,2,0.0000,Tasa,PZA,,,,,No,1010101,H87,
fc8a8ec5-70a0-4d6d-b74a-ca90acd3f2b1,1532,GB-30700-1000,"ALCOHOL ISOAMILICO, GRADO REACTIVO., 1 L. GOLDEN BELL",,0,0.0000,0.0000,493.5800,16 %,MXN,0,0,2,0.0000,Tasa,PZA,,,,,No,1010101,H87,
00275c46-9ae5-45c7-9951-a2af5efdfe68,1010,QUI10,ALCOHOL ISOPROPILICO,,0,0.0000,0.0000,25.3610,16 %,MXN,2,0,2,0.0000,Tasa,Litro,QUIMICOS,,,,Si,12352104,LTR,
3477e543-8933-410d-9c5a-7e8412e7a262,1011,QUI11,ALCOHOL ISOPROPILICO 70%,,0,0.0000,0.0000,0.0000,16 %,MXN,0,0,2,0.0000,Tasa,Litro,QUIMICOS,,,,No,12352104,LTR,
7e51521d-800a-43e4-8efe-088840d4fbc9,1563,0480-500,"ALUMINIO OXIDO REACTIVO, 500 G. MEYER",,0,0.0000,0.0000,2470.2000,16 %,MXN,0,0,2,0.0000,Tasa,PZA,,,,,No,1010101,H87,
3c4b9eae-69db-42f0-88b6-4f363339ebc8,1012,NAOH,AMONIACO ,,0,0.0000,0.0000,33.0000,16 %,MXN,1,0,2,0.0000,Tasa,Litro,MATERIA PRIMA,,,,Si,1010101,LTR,
4fa10c2b-b78c-403d-bb93-79ef06a0496a,1595,8014610025,"Anthrone for synthesis, 25 g, con certificado. Merck",,0,0.0000,0.0000,2046.3000,16 %,MXN,0,0,2,0.0000,Tasa,PZA,,,,,No,1010101,H87,
297d118b-5e40-4062-b119-117ca5918fe1,1013,ANTI,ANTIDOPING 5 ELEMENTOS,,0,0.0000,0.0000,54.0730,16 %,MXN,0,0,2,0.0000,Tasa,Pieza,REACTIVO,,,ANTIDOPING 5 ELEMENTOS,No,41116206,H87,
d4ca3fb1-39c7-4cb5-a4ce-99d98db951fe,1014,PERLA,APERLANTE,,0,0.0000,0.0000,32.6500,16 %,MXN,1,0,2,0.0000,Tasa,Litro,MATERIA PRIMA,,,,Si,1010101,LTR,
0697f8a8-733d-4e75-8fc9-cb07e7bd7026,1015,COCO,AROMA COCO AROM�TICOS ,,0,0.0000,0.0000,240.0000,16 %,MXN,1,0,2,0.0000,Tasa,Litro,MATERIA PRIMA,,,,Si,1010101,LTR,
6d4a8890-7040-4f6e-98d9-0249ce3af8ca,1016,HERBAL,AROMA HERBAL AROM�TICOS  ,,0,0.0000,0.0000,0.0000,16 %,MXN,1,0,2,0.0000,Tasa,Litro,MATERIA PRIMA,,,,Si,1010101,LTR,
866d52e5-0271-4a46-8fe4-7efa38d2813d,1017,LAV,AROMA LAVANDA AROM�TICOS,,0,0.0000,0.0000,208.8800,16 %,MXN,1,0,2,0.0000,Tasa,Litro,MATERIA PRIMA,,,,Si,1010101,LTR,
12bc88e2-9cf8-4144-86a1-31764c45231c,1018,LIMA,AROMA LIMA-LIMON AROM�TICOS,,0,0.0000,0.0000,328.4500,16 %,MXN,1,0,2,0.0000,Tasa,Litro,MATERIA PRIMA,,,,Si,1010101,LTR,
6f7dd381-a91f-4517-8e28-5642101556f9,1019,QUI12,AROMATIZANTE AMBIENTAL EN AEROSOL GDOS 450 ML/350 GR. PRESENTACI�N DE 450 ML,,0,0.0000,0.0000,0.0000,16 %,MXN,0,0,2,0.0000,Tasa,Pieza,QUIMICOS,,,,No,47131800,H87,
eab1c7ac-e129-4c49-aaaa-24e95928ad12,1020,QUI13,AROMATIZANTE AMBIENTAL LAVANDA MARCA ARMONIA,,0,0.0000,0.0000,0.0000,16 %,MXN,0,0,2,0.0000,Tasa,Litro,QUIMICOS,,,,No,47131800,LTR,
bf6733c7-afa5-47f6-9650-6112c3502119,1021,QUI14,AROMATIZANTE AMBIENTAL LIMA-LIMON MARCA ARMONIA ,,0,0.0000,0.0000,9.3760,16 %,MXN,0,0,2,0.0000,Tasa,Litro,QUIMICOS,,,,No,47131800,LTR,
363b58e3-e619-4c42-9c7c-3a15948508ed,1022,QUI15,AROMATIZANTE CANELA FABRICACION NACIONAL,,0,0.0000,0.0000,-36.1200,16 %,MXN,0,0,2,0.0000,Tasa,Pieza,QUIMICOS,,,,No,47131800,H87,
04343a78-8280-40ee-94de-08d166daac57,1605,PRODUCTO,AROMATIZANTE VARIOS,,0,0.0000,0.0000,67.7180,16 %,MXN,0,0,2,0.0000,Tasa,PZA,,,,,No,1010101,H87,
912e60e2-97ba-455a-8257-773755653d8a,1023,JAR1,ATOMIZADOR DE PLASTICO DE 500 ML FABRICACION NACIONAL ,,0,0.0000,0.0000,13.8000,16 %,MXN,0,0,2,0.0000,Tasa,Pieza,JARCIERIA,,,,No,40141742,H87,
3343521e-24fc-4af8-a856-478acd05a6e6,1024,JAR2,ATOMIZADOR DE PLASTICO USO RUDO 1 LT,,0,0.0000,0.0000,19.7429,16 %,MXN,2,0,2,0.0000,Tasa,Pieza,JARCIERIA,,,ATOMIZADOR DE PLASTICO USO RUDO 1 LT,Si,40141742,H87,
0d887c5b-0fab-40d9-95f8-0ee157e96b97,1645,A-ECO,ATOMIZADOR ECONÓMICO 1 LT,,0,0.0000,0.0000,0.0000,16 %,MXN,2,0,3,0.0000,Tasa,PIEZA,JARCIERIA,,,ATOMIZADOR ECONÓMICO 1 LT,Si,40141742,H87,
27d481bf-9e81-40ad-ae81-786c62427f07,1420,GB-63902-50,AZUL DE CRECIL BRILLANTE A 1% SOL. COLORANTE 50 ML. GOLDEN BELL,,0,0.0000,0.0000,109.6200,16 %,MXN,0,0,2,0.0000,Tasa,PZA,,,,,No,1010101,H87,
9978f9df-b97b-4a74-a195-8fda9176cbf8,1363,794,"AZUL DE METILENO, FORMULA DE UNNA, 125 ML. HYCEL",,0,0.0000,0.0000,77.7000,16 %,MXN,0,0,2,0.0000,Tasa,PZA,,,,,No,1010101,H87,
4aa2ae3c-10af-447e-bf8f-db85548de1ad,1521,1092040500,"Azur-eosina-azul de metileno según Giemsa en solución, for microscopy, 500 ml. Merck",,0,0.0000,0.0000,766.3000,16 %,MXN,0,0,2,0.0000,Tasa,PZA,,,,,No,1010101,H87,
e2980871-17a7-4da4-9406-082f9bcd0c31,1025,QUI16,BACTERICIDA PARA CONSUMO DE ALIMENTOS DE 1 LITRO. MARCA MEMBERS MARK,,0,0.0000,0.0000,76.1850,16 %,MXN,0,0,2,0.0000,Tasa,Pieza,QUIMICOS,,,,No,47131800,H87,
29816996-f543-48e7-b0f4-48fa9bf611ff,1026,EPP02,BARBIQUEJO,,0,0.0000,0.0000,0.0000,16 %,MXN,0,0,2,0.0000,Tasa,Pieza,EPP,,,,No,31211903,H87,
648761b3-8fa3-4ba7-9059-d96b37e43dc1,1561,0780-500,"BARIO HIDROXIDO CRISTALES A.C.S., 500 G. MEYER",,0,0.0000,0.0000,1112.4000,16 %,MXN,0,0,2,0.0000,Tasa,PZA,,,,,No,1010101,H87,
0303e4b0-24e6-4593-a840-6b587d05b87d,1644,BAR,BARRA DE MAGNESIO,,0,0.0000,0.0000,180.0000,16 %,MXN,0,0,2,0.0000,Tasa,PIEZA,REFACCIONES,,,,No,30102207,H87,
88f06569-7e32-4c83-9453-6c5d0a747bc7,1027,JAR3,BASE METALICA  PARA MOP 60 CM,,0,0.0000,0.0000,64.4460,16 %,MXN,0,0,2,0.0000,Tasa,Pieza,JARCIERIA,,,,No,47131600,H87,
681cfff0-3b76-4f68-bb79-55448bdb0a73,1029,JAR5,BASE METALICA PARA MOP DE 90,,0,0.0000,0.0000,70.0000,16 %,MXN,0,0,2,0.0000,Tasa,Pieza,JARCIERIA,,,,No,47131600,H87,
a435e1c8-c79a-4f07-874c-944924adc0bf,1028,JAR4,BASE METALICA PARA MOP GRANDE,,0,0.0000,0.0000,110.2890,16 %,MXN,0,0,2,0.0000,Tasa,Pieza,JARCIERIA,,,,No,47131600,H87,
1b9459bd-e626-4521-a141-6dd7ffa5ee89,1030,EQ1,BASE PULIDORA ,,0,0.0000,0.0000,0.0000,16 %,MXN,0,0,2,0.0000,Tasa,Pieza,EQUIPO,,,,No,47131600,H87,
9f33776e-4ab8-435b-9e22-53c746876856,1031,JAR6,BASTON DE LÁMINA,,0,0.0000,0.0000,39.9720,16 %,MXN,0,0,2,0.0000,Tasa,Pieza,JARCIERIA,,,,No,47131600,H87,
6b6bb8e0-82a3-47d0-a91a-bfdc8c11e6c5,1032,UNI1,BATA AMARILLA ANTIESTATICA,,0,0.0000,0.0000,444.0000,16 %,MXN,0,0,2,0.0000,Tasa,Pieza,UNIFORMES,,,,No,53102700,H87,
fe72a578-e4aa-4504-a38f-db7d81e5fd4f,1033,UNI2,BATA AZUL MANGA CORTA CHICA,,0,0.0000,0.0000,312.0620,16 %,MXN,0,0,2,0.0000,Tasa,Pieza,UNIFORMES,,,,No,53102700,H87,
d728a0a0-1013-468a-9d46-59966d4e5b94,1642,UNI6,BATA AZUL MANGA CORTA DOBLE EXTRA GRANDE,,0,0.0000,0.0000,220.0000,16 %,MXN,0,0,3,0.0000,Tasa,PIEZA,,,,BATA AZUL MANGA CORTA DOBLE EXTRA GRANDE XXL,No,53102700,H87,
cadad35a-48e3-48ec-a22a-fe82ac14af2e,1034,UNI3,BATA AZUL MANGA CORTA EXTRA GRANDE,,0,0.0000,0.0000,220.0000,16 %,MXN,0,0,2,0.0000,Tasa,Pieza,UNIFORMES,,,,No,53102700,H87,
59a86e32-33a0-4800-aa54-372224d027f7,1035,UNI4,BATA AZUL MANGA CORTA GRANDE,,0,0.0000,0.0000,284.4790,16 %,MXN,0,0,2,0.0000,Tasa,Pieza,UNIFORMES,,,,No,53102700,H87,
d0ed32f0-9a1b-46e1-addb-7b6cf3f902b8,1036,UNI5,BATA AZUL MANGA CORTA MEDIANA,,0,0.0000,0.0000,248.8520,16 %,MXN,0,0,2,0.0000,Tasa,Pieza,UNIFORMES,,,,No,53102700,H87,
3a3fbc6a-818a-473f-acdb-9fce711e8c75,1037,UNI6,BATA BLANCA MANGA LARGA CHICA,,0,0.0000,0.0000,245.0000,16 %,MXN,0,0,3,0.0000,Tasa,Pieza,UNIFORMES,,,,No,53102700,H87,
560b1fa1-cfe6-4af6-88e5-d6ed6deb6f79,1038,UNI7,BATA BLANCA MANGA LARGA EXTRA GRANDE,,0,0.0000,0.0000,245.0000,16 %,MXN,0,0,3,0.0000,Tasa,Pieza,UNIFORMES,,,,No,53102700,H87,
32930397-9b92-42bc-8a65-6b7c7cfc4928,1039,UNI8,BATA BLANCA MANGA LARGA GRANDE,,0,0.0000,0.0000,245.0000,16 %,MXN,0,0,3,0.0000,Tasa,Pieza,UNIFORMES,,,,No,53102700,H87,
81d6c08a-a3c8-45ea-a152-f614957669ee,1040,UNI9,BATA BLANCA MANGA LARGA MEDIANA,,0,0.0000,0.0000,245.0000,16 %,MXN,0,0,3,0.0000,Tasa,Pieza,UNIFORMES,,,,No,53102700,H87,
db49e532-41a5-4ccb-ac7e-b33a489f9139,1621,UNIC,BATA CLARIOS TALLA CHICA,,0,0.0000,0.0000,255.0000,16 %,MXN,0,0,2,0.0000,Tasa,PIEZA,,,,BATA CLARIOS TALLA CHICA AZUL MARINO MANGA LARGA 80%POLIESTER 20% ALGODÓN,No,53102700,H87,
4378540d-6ae8-46a7-a8ac-ff16a89edd61,1623,UNIC,BATA CLARIOS TALLA GRANDE,,0,0.0000,0.0000,342.5000,16 %,MXN,0,0,2,0.0000,Tasa,PIEZA,,,,BATA CLARIOS TALLA GRANDE AZUL MARINO MANGA LARGA 80%POLIESTER 20% ALGODÓN,No,53102700,H87,
91da17a4-d817-49ac-8395-cc27a993f7fb,1622,UNIC,BATA CLARIOS TALLA MEDIANA,,0,0.0000,0.0000,255.0000,16 %,MXN,0,0,2,0.0000,Tasa,PIEZA,,,,BATA CLARIOS TALLA MEDIANA AZUL MARINO MANGA LARGA 80%POLIESTER 20% ALGODÓN,No,53102700,H87,
d852f38f-465f-4a57-82c6-00faddf97304,1624,UNIC,BATA CLARIOS TALLA XL,,0,0.0000,0.0000,255.0000,16 %,MXN,0,0,2,0.0000,Tasa,PIEZA,,,,BATA CLARIOS AZUL MARINO TALLA XL MANGA LARGA 80%POLIESTER 20% ALGODÓN,No,53102700,H87,
3ce26994-587d-4a74-acdb-1d2acf1ac219,1547,BBC1520,"BOLSA BAJA CORTADA 15 X 20 CM, BULTO DE 25 KGS.",,0,0.0000,0.0000,855.5000,16 %,MXN,0,0,2,0.0000,Tasa,PZA,,,,,No,1010101,H87,
902d2e4d-fc1c-456e-9b08-b38ce368e712,1041,FER1,BOLSA DE ESTOPA,,0,0.0000,0.0000,40.4230,16 %,MXN,0,0,2,0.0000,Tasa,Pieza,FERRETERIA,,,,No,24111503,H87,
e21c3a5b-455e-4769-8cb8-91afcdf3cf0c,1042,JAR-52,BOLSA DE PLASTICO DE 50 x 70 CALIBRE 200 A 300 COLOR: NEGRO,,0,0.0000,0.0000,0.0000,16 %,MXN,0,0,2,0.0000,Tasa,Kilogramo,BOLSA,,,,No,24111503,KGM,
d537bead-739c-4def-9909-eccd6c57b8ad,1043,BT40,BOLSA DE PL�STICO TRANSPARENTE DE 40 X 60 CM ,,0,0.0000,0.0000,28.0000,16 %,MXN,0,0,2,0.0000,Tasa,Kilogramo,BOLSA,,,,No,24111503,KGM,
095c4931-27a7-4309-a4e6-a1b2765f099e,1044,BN30,BOLSA NEGRA 30 x 40 FABRICACION NACIONAL  ,,0,0.0000,0.0000,22.0000,16 %,MXN,0,0,2,0.0000,Tasa,Kilogramo,BOLSA,,,,No,24111503,KGM,
e5cc0cc7-6f58-4e50-86df-9619e66aa72e,1045,BN40,"BOLSA NEGRA 40x60, CALIBRE 200-300 FABRICACION NACIONAL ",,0,0.0000,0.0000,22.0000,16 %,MXN,0,0,2,0.0000,Tasa,Kilogramo,BOLSA,,,,No,24111503,KGM,
6b07a230-f826-4c96-a048-a151d41b4c07,1046,BN50,BOLSA NEGRA 50 x 70,,0,0.0000,0.0000,24.0000,16 %,MXN,0,0,2,0.0000,Tasa,Kilogramo,BOLSA,,,,No,24111503,KGM,
4d3221ff-5758-4b3a-8498-73ffa973e007,1047,BN60,BOLSA NEGRA 60 x 90,,0,0.0000,0.0000,24.0000,16 %,MXN,0,0,2,0.0000,Tasa,Kilogramo,BOLSA,,,,No,24111503,KGM,
bbdad472-a634-4faf-92d2-5ed5f9dc7ae0,1048,BN90,BOLSA NEGRA 90 X 120,,0,0.0000,0.0000,23.2840,16 %,MXN,0,0,2,0.0000,Tasa,Kilogramo,BOLSA,,,,No,24111503,KGM,
b171b0d2-a782-4e1b-afce-e514016f6ac3,1049,BNA30,BOLSA NEGRA DE ASA 30*60 CM BAJA DENSIDAD ,,0,0.0000,0.0000,3.7480,16 %,MXN,0,0,2,0.0000,Tasa,Kilogramo,BOLSA,,,,No,24111503,KGM,
300f9baa-c954-4755-b07b-a5c864d557fd,1050,BNA50,"BOLSA NEGRA DE ASA 50 x 70, FABRICACION NACIONAL ",,0,0.0000,0.0000,24.5000,16 %,MXN,0,0,2,0.0000,Tasa,Kilogramo,BOLSA,,,,No,24111503,KGM,
5a5f1202-f356-402d-9880-3db9acfa53a0,1051,EQ2,BOLSA PARA CARRITO CONSERGERO,,0,0.0000,0.0000,0.0000,16 %,MXN,0,0,2,0.0000,Tasa,Pieza,EQUIPO,,,,No,24111500,H87,
794cdca6-e0eb-466e-bb67-0bf2924ff57d,1052,BT30,BOLSA TRANSPARENTE 30 x 40 FABRICACION NACIONAL  ,,0,0.0000,0.0000,61.3330,16 %,MXN,0,0,2,0.0000,Tasa,Kilogramo,BOLSA,,,,No,24111503,KGM,
0f517dfd-5cab-4fc3-93f7-2ac3ca09a25e,1053,BTA30,BOLSA TRANSPARENTE 30 X 60 CON ASA ,,0,0.0000,0.0000,30.5760,16 %,MXN,0,0,2,0.0000,Tasa,Kilogramo,BOLSA,,,,No,24111503,KGM,
0dfbbba4-1947-437b-8bd0-a8bcd56814a5,1054,BT30,"BOLSA TRANSPARENTE 50 x 70, CALIBRE 200-300 ",,0,0.0000,0.0000,32.0170,16 %,MXN,0,0,2,0.0000,Tasa,Kilogramo,BOLSA,,,,No,24111503,KGM,
d3889d33-ad16-4795-96ab-37d5395859b6,1055,BT6060,BOLSA TRANSPARENTE 60 x 60 FABRICACION NACIONAL ,,0,0.0000,0.0000,31.8600,16 %,MXN,0,0,2,0.0000,Tasa,Kilogramo,BOLSA,,,,No,24111503,KGM,
3f1b8e1a-b705-438b-a9f9-8557d74e8b25,1056,BT60,BOLSA TRANSPARENTE 60 x 90 FABRICACION NACIONAL  ,,0,0.0000,0.0000,30.3700,16 %,MXN,0,0,2,0.0000,Tasa,Kilogramo,BOLSA,,,,No,24111503,KGM,
03feb6ab-3612-40ac-9c64-29920aa1a702,1057,BT90,BOLSA TRANSPARENTE 90 X 120 CALIBRE 200-300,,0,0.0000,0.0000,31.9320,16 %,MXN,0,0,2,0.0000,Tasa,Kilogramo,BOLSA,,,,No,24111503,KGM,
06e219c8-7bae-421c-9d09-8872064310a5,1058,JAR25,BOMBA DESTAPACAÑOS PARA WC,,0,0.0000,0.0000,-1491.4870,16 %,MXN,0,0,2,0.0000,Tasa,Pieza,JARCIERIA,,,,No,47131600,H87,
f5236bba-14d8-4172-8c7f-19be0fb2d139,1414,BOT001,"BOTE CAMPANA IMSS 519.132.0059, TAPA ESMALTADA Y ZOCLO, ACERO INOXIDABLE, ESTRUCTURA ESMALTADA",,0,0.0000,0.0000,1521.0000,16 %,MXN,0,0,2,0.0000,Tasa,PZA,,,,,No,1010101,H87,
395612d4-9b33-435d-a26d-cb6523ebfc58,1059,BP1,BOTELLA  DE POLIETILENO DE 1LT ,,0,0.0000,0.0000,9.0530,16 %,MXN,2,0,2,0.0000,Tasa,Pieza,ENVASE,,,,Si,24122000,H87,
7cee8ebd-ee40-400c-a264-cd3e1e358c88,1060,BTDT,BOTELLA 60 ML TAPA DISCTOP,,0,0.0000,0.0000,6.0100,16 %,MXN,0,0,2,0.0000,Tasa,Pieza,ENVASE,,,,No,24122000,H87,
1b2380b7-fb55-4a24-8746-036acf8f9138,1061,BA1,BOTELLA ANILLADA 1 LT,,0,0.0000,0.0000,3.6260,16 %,MXN,2,0,2,0.0000,Tasa,Pieza,ENVASE,,,,No,24122000,H87,
f3e1df6a-af39-4258-b4ab-2e30951e4a25,1062,BA10,BOTELLA ANILLADA DE 10 LITROS ,,0,0.0000,0.0000,18.8060,16 %,MXN,0,0,2,0.0000,Tasa,Pieza,ENVASE,,,,No,24122000,H87,
28782e04-88a0-49fd-a86c-e293cdece708,1063,BA5,BOTELLA ANILLADA DE 5 LITROS,,0,0.0000,0.0000,12.1370,16 %,MXN,0,0,2,0.0000,Tasa,Pieza,ENVASE,,,,No,24122000,H87,
835e372d-94d2-4d47-beb7-242749665e17,1529,BAN-1175,BOTELLA BOCA A NCHA DE 1000 ML. CAJA CON 50 PIEZAS. MEGALAB,,0,0.0000,0.0000,1934.5000,16 %,MXN,0,0,2,0.0000,Tasa,PZA,,,,,No,1010101,H87,
ffd07527-f1b1-4fab-a57c-805de2b0ea7f,1064,BTFT,BOTELLA BOSTON 1 L CON TAPA FLIP TOP,,0,0.0000,0.0000,0.0000,16 %,MXN,0,0,2,0.0000,Tasa,Pieza,ENVASE,,,,No,24122000,H87,
1c23ed5b-e278-4f07-913b-b23ef0bc4ce9,1065,BD500,BOTELLA CON DOSIFICADOR RED 500 ML,,0,0.0000,0.0000,7.0000,16 %,MXN,0,0,2,0.0000,Tasa,Pieza,ENVASE,,,,No,24122000,H87,
54d06992-b1b5-46d4-894f-049b9e00c72a,1066,BP5,BOTELLA POLIETILENO 5LT,,0,0.0000,0.0000,20.8750,16 %,MXN,0,0,2,0.0000,Tasa,Pieza,ENVASE,,,,No,24122000,H87,
a28db83e-0ed5-4d63-9879-9fc0b3764874,1067,BP4,BOTELLA POLIETILENO DE 4 LITROS,,0,0.0000,0.0000,15.5820,16 %,MXN,0,0,2,0.0000,Tasa,Pieza,ENVASE,,,,No,24122000,H87,
6e9a57c5-f0b9-495e-af4b-0ee2da134770,1068,EQ3,CABALLETE PISO MOJADO,,0,0.0000,0.0000,92.9430,16 %,MXN,0,0,2,0.0000,Tasa,Pieza,EQUIPO,,,,No,47121500,H87,
c7911f02-0e08-4148-9bae-8619b17ccd4a,1075,LTX-CH,CAJA DE GUANTE PARA EXPLORACION DE LATEX CON 100 PIEZAS TALLA CHICA,,0,0.0000,0.0000,171.0000,16 %,MXN,0,0,2,0.0000,Tasa,Caja,CURACION,,,,No,46181504,XBX,
37086ce5-9193-41b2-9aa0-91117bcd11d2,1076,LTX-G,CAJA DE GUANTE PARA EXPLORACION DE LATEX CON 100 PIEZAS TALLA GRANDE,,0,0.0000,0.0000,0.0000,16 %,MXN,0,0,2,0.0000,Tasa,Caja,CURACION,,,,No,46181504,XBX,
2afc4e41-ad40-4cbb-a2bd-840c794b5efc,1077,LTX-M,CAJA DE GUANTE PARA EXPLORACION DE LATEX CON 100 PIEZAS TALLA MEDIANA,,0,0.0000,0.0000,-193.9660,16 %,MXN,0,0,2,0.0000,Tasa,Caja,CURACION,,,,No,46181504,XBX,
47930e16-a997-424e-a68e-c929f6db73a8,1578,DIF-211825,CALDO SOYA TRIPTICASEÍNA 500 G. DIFCO,,0,0.0000,0.0000,1627.3600,16 %,MXN,0,0,2,0.0000,Tasa,PZA,,,,,No,1010101,H87,
0b1099d2-f6d3-4b04-8668-5b1577bf7f92,1078,SOL2,CALENTADOR SOLAR ALTA PRESI�N ,,0,0.0000,0.0000,23804.3110,16 %,MXN,0,0,2,0.0000,Tasa,Pieza,FERRETERIA,,,,No,40101825,H87,
ceec6458-4705-4269-8ec4-89c4d8c0e7eb,1079,SOL1,CALENTADOR SOLAR GRAVEDAD,,0,0.0000,0.0000,2724.1380,16 %,MXN,0,0,2,0.0000,Tasa,Pieza,FERRETERIA,,,,No,40101825,H87,
17dcde2e-c373-4d08-84c5-15b69ec8299b,1080,Z22,CALZADO DE SEGURIDAD NO. 22,,0,0.0000,0.0000,516.7910,16 %,MXN,0,0,2,0.0000,Tasa,Par,EPP,,,,No,46181600,PR,
58477444-b7b5-41a8-9f69-0be58c0c2bd9,1081,Z23,CALZADO DE SEGURIDAD NO. 23,,0,0.0000,0.0000,413.6910,16 %,MXN,0,0,2,0.0000,Tasa,Par,EPP,,,,No,46181600,PR,
1b54ffa1-2a46-41d7-8391-f270d005988f,1082,Z24,CALZADO DE SEGURIDAD NO. 24,,0,0.0000,0.0000,436.1770,16 %,MXN,0,0,2,0.0000,Tasa,Par,EPP,,,,No,46181600,PR,
d43bab55-63ef-45b6-8476-c89a42ffefc9,1083,Z25,CALZADO DE SEGURIDAD NO. 25,,0,0.0000,0.0000,381.0840,16 %,MXN,0,0,2,0.0000,Tasa,Par,EPP,,,,No,46181600,PR,
d6c40f9d-5e80-4328-aa7e-eb7390a84eb1,1084,Z26,CALZADO DE SEGURIDAD NO. 26,,0,0.0000,0.0000,377.9050,16 %,MXN,0,0,2,0.0000,Tasa,Par,EPP,,,,No,46181600,PR,
47a5d937-2834-4c9d-becd-4de5e1188197,1085,Z27,CALZADO DE SEGURIDAD NO. 27,,0,0.0000,0.0000,404.9820,16 %,MXN,0,0,2,0.0000,Tasa,Par,EPP,,,,No,46181600,PR,
c7f73cbd-0d8f-4a7a-b2e8-d39d1889ecb8,1086,Z28,CALZADO DE SEGURIDAD NO. 28,,0,0.0000,0.0000,375.6470,16 %,MXN,0,0,2,0.0000,Tasa,Par,EPP,,,,No,46181600,PR,
ad0b59e9-76e7-450f-9283-380e86d59c30,1087,Z29,CALZADO DE SEGURIDAD NO. 29,,0,0.0000,0.0000,392.5000,16 %,MXN,0,0,2,0.0000,Tasa,Par,EPP,,,,No,46181600,PR,
6005343a-b4b5-4632-908b-1bc9ddec241b,1088,Z30,CALZADO DE SEGURIDAD NO. 30,,0,0.0000,0.0000,380.0000,16 %,MXN,0,0,2,0.0000,Tasa,Par,EPP,,,,No,46181600,PR,
dd503019-d046-48f0-9c77-e534db5530b2,1089,Z31,CALZADO DE SEGURIDAD NO. 31,,0,0.0000,0.0000,284.6430,16 %,MXN,0,0,2,0.0000,Tasa,Par,EPP,,,,No,46181600,PR,
d9e96492-64bb-4c54-b934-e2200c4cf551,1090,ZAP,CALZADO ESPECIAL,,0,0.0000,0.0000,245.0000,16 %,MXN,0,0,2,0.0000,Tasa,Par,EPP,,,,No,46181600,PR,
ad32bd5f-a357-48db-9d48-e48fd1fe191f,1091,UNI10,CAMISA MEZCLILLA CON REFLEJANTE CHICA (36),,0,0.0000,0.0000,280.0000,16 %,MXN,0,0,2,0.0000,Tasa,Pieza,UNIFORMES,,,,No,53102700,H87,
c02fa11e-0d5a-49be-bd96-79ced16ffd54,1092,UNI11,CAMISA MEZCLILLA CON REFLEJANTE EXTRAGRANDE (42),,0,0.0000,0.0000,242.6670,16 %,MXN,0,0,2,0.0000,Tasa,Pieza,UNIFORMES,,,,No,53102700,H87,
79b0b9d5-57b6-4dc4-a152-002c27f5f7b2,1093,UNI12,CAMISA MEZCLILLA CON REFLEJANTE GRANDE (40),,0,0.0000,0.0000,1780.0000,16 %,MXN,0,0,2,0.0000,Tasa,Pieza,UNIFORMES,,,,No,53102700,H87,
fa4274b1-8fb5-49fe-a7a0-4ba7bf427b59,1094,UNI13,CAMISA MEZCLILLA CON REFLEJANTE MEDIANA (38),,0,0.0000,0.0000,280.0000,16 %,MXN,0,0,2,0.0000,Tasa,Pieza,UNIFORMES,,,,No,53102700,H87,
cb6decd9-5005-4f4c-ad14-639dfb857490,1095,UNI14,CAMISA MEZCLILLA CON REFLEJANTE XXG (44),,0,0.0000,0.0000,280.0000,16 %,MXN,0,0,2,0.0000,Tasa,Pieza,UNIFORMES,,,,No,53102700,H87,
96464301-b0ec-46c3-83a7-dd4a704470f3,1590,CDS50,"CAMPO DENTAL, CON 50 PIEZAS. SUNSET",,0,0.0000,0.0000,40.7758,16 %,MXN,0,0,2,0.0000,Tasa,PZA,,,,,No,1010101,H87,
ad2a647e-2870-4b54-a194-c296b2dbb2de,1615,JA071,CARRITO CONSERJE,,0,0.0000,0.0000,1443.0000,16 %,MXN,0,0,2,0.0000,Tasa,PZA,,,,,No,1010101,H87,
acf34155-8a53-41e8-afa0-0df484e939f1,1096,EQ4,CARRO DE LIMPEZA,,0,0.0000,0.0000,0.0000,16 %,MXN,0,0,2,0.0000,Tasa,Pieza,EQUIPO,,,,No,47121500,H87,
7dcb486a-e392-4e1f-b19d-c4680cb4917c,1097,UNI15,CASACA,,0,0.0000,0.0000,222.7520,16 %,MXN,0,0,2,0.0000,Tasa,Pieza,UNIFORMES,,,,No,53102700,H87,
e036daa4-7aa2-44e9-a021-0eaae8320c10,1098,EPP15,CASCO DE SEGURIDAD CON AJUSTE,,0,0.0000,0.0000,49.0000,16 %,MXN,0,0,2,0.0000,Tasa,Pieza,EPP,,,,No,42211509,H87,
ea88754b-6197-4953-a026-618523bd0b07,1099,JAR7,CEPILLO 8  COMFORT GRIP EN NYLON MOD. 3204,,0,0.0000,0.0000,65.0000,16 %,MXN,0,0,2,0.0000,Tasa,Pieza,JARCIERIA,,,,No,47131600,H87,
744e86a7-f4f5-46c3-8d74-838382e5d9ef,1100,JAR8,CEPILLO INCLINADO RIGIDO 30 CM S/BASTON. FABRICACION NACIONAL,,0,0.0000,0.0000,38.7900,16 %,MXN,0,0,2,0.0000,Tasa,Pieza,JARCIERIA,,,,No,47131600,H87,
7fd7efba-fc5c-4b49-8dcd-1bb63c1a1121,1101,JAR9,CEPILLO PARA WC,,0,0.0000,0.0000,21.7700,16 %,MXN,0,0,2,0.0000,Tasa,Pieza,JARCIERIA,,,,No,47131600,H87,
1c4c1561-1927-4c00-ae0c-69a697616bbb,1102,JAR10,CEPILLO SUAVE BLOCK PLASTICO  8  MODELO 1808-P,,0,0.0000,0.0000,46.1335,16 %,MXN,0,0,2,0.0000,Tasa,Pieza,JARCIERIA,,,,No,47131600,H87,
5028c2c1-a894-47a7-af25-3b3b8a392acd,1103,JAR11,CEPILLO TIPO PLANCHA,,0,0.0000,0.0000,19.1050,16 %,MXN,0,0,2,0.0000,Tasa,Pieza,JARCIERIA,,,,No,47131600,H87,
93f1236e-7cb5-419c-bd7d-c6aeaa1e0553,1646,JAR,CEPILLO TIPO PLANCHA,,0,0.0000,0.0000,12.0000,0 %,MXN,0,0,2,0.0000,Tasa,PZA,,,,,No,1010101,H87,
9a73e253-cea5-456f-96b2-5b5b8277c80d,1610,CESTO,CESTO DE BASURA,,0,0.0000,0.0000,267.0080,16 %,MXN,0,0,2,0.0000,Tasa,PZA,,,,,No,1010101,H87,
e5ce4f9f-853d-4224-86ed-162a97e3b491,1515,CES022,"CESTO PARA PAPELES IMSS 511.232.0022, ESMALTADO",,0,0.0000,0.0000,61.7100,16 %,MXN,0,0,2,0.0000,Tasa,PZA,,,,,No,1010101,H87,
b7694a07-7627-4c65-b6e6-f71051f38af2,1104,EPP3,CHALECO ALTA VISIBILIDAD NARANJA,,0,0.0000,0.0000,106.7830,16 %,MXN,0,0,2,0.0000,Tasa,Pieza,EPP,,,,No,31211903,H87,
9a262d73-37c0-48c5-ab11-7f37c727c828,1105,EPP11,CHALECO ALTA VISIBILIDAD VERDE,,0,0.0000,0.0000,126.5070,16 %,MXN,0,0,2,0.0000,Tasa,Pieza,EPP,,,,No,31211903,H87,
b9186f9e-ec95-4d75-a134-61d41d550e22,1106,EPP12,CHALECO DE MALLA CON REFLEJANTE NARANJA,,0,0.0000,0.0000,57.8960,16 %,MXN,0,0,2,0.0000,Tasa,Pieza,EPP,,,,No,31211903,H87,
2a94c944-9c35-41b2-9448-d746fb73da2a,1107,EPP6,CHALECO DE MALLA CON REFLEJANTE VERDE,,0,0.0000,0.0000,35.1700,16 %,MXN,0,0,2,0.0000,Tasa,Pieza,EPP,,,,No,31211903,H87,
f2b76631-46a2-48d1-bbd5-f2b7fe5ea0d1,1550,HI701,CHECKER HC DE CLORO LIBRE. HANNA,,0,0.0000,0.0000,1094.4000,16 %,MXN,0,0,2,0.0000,Tasa,PZA,,,,,No,1010101,H87,
6b3bfa20-4d3f-4f27-acf8-1f76c4a8ea9d,1108,EPP01,CINTA DE PRECAUCION,,0,0.0000,0.0000,55.0000,16 %,MXN,0,0,2,0.0000,Tasa,Pieza,EPP,,,,No,31162800,H87,
707c4764-5cc2-47c7-be5e-bce5760d05a4,1109,QUI17,CLORALEX 10 L,,0,0.0000,0.0000,90.9500,16 %,MXN,0,0,2,0.0000,Tasa,Pieza,QUIMICOS,,,,No,47131800,H87,
b8b6d341-fd78-4b1c-96a4-fea7a6a54fed,1110,QUI18,CLORALEX 3.75  L,,0,0.0000,0.0000,49.9000,16 %,MXN,0,0,2,0.0000,Tasa,Pieza,QUIMICOS,,,,No,47131800,H87,
9d56205e-38fa-405f-ac5d-90b8dce48962,1111,QUI19,CLORALEX 950 ML,,0,0.0000,0.0000,14.8570,16 %,MXN,0,0,2,0.0000,Tasa,Pieza,QUIMICOS,,,,No,47131800,H87,
5092e674-b8e7-4f1b-8111-4e943c89de70,1112,QUI20,CLORALEX GEL 2 LITROS,,0,0.0000,0.0000,24.9100,16 %,MXN,0,0,2,0.0000,Tasa,Pieza,QUIMICOS,,,,No,47131800,H87,
281092e1-a4aa-4872-8d48-e0982743451b,1113,QUI21,CLORALEX GEL 3.75 LITROS ,,0,0.0000,0.0000,43.0200,16 %,MXN,0,0,2,0.0000,Tasa,Pieza,QUIMICOS,,,,No,47131800,H87,
5f1c471a-d0dc-4f9a-a892-650209929274,1114,QUI22,CLORALEX GEL 950  ML ,,0,0.0000,0.0000,0.0000,16 %,MXN,0,0,2,0.0000,Tasa,Pieza,QUIMICOS,,,,No,47131800,H87,
6908591a-dbf5-49c9-8803-83e6cd263168,1115,QUI23,CLORO,,0,0.0000,0.0000,2.3560,16 %,MXN,0,0,2,0.0000,Tasa,Litro,QUIMICOS,,,,No,47131800,LTR,
1f2eb109-753e-474a-b7e3-632c5fad5aaf,1116,QUI24,CLOROX 930 ML,,0,0.0000,0.0000,9.4000,16 %,MXN,0,0,2,0.0000,Tasa,Pieza,QUIMICOS,,,,No,47131800,H87,
9ce2c2a5-f778-4e29-b1f5-ec08eeef3b71,1548,GB-26230-250,"CLORURO DE BARIO, ACS, 250 G. GOLDEN BELL",,0,0.0000,0.0000,182.7000,16 %,MXN,0,0,2,0.0000,Tasa,PZA,,,,,No,1010101,H87,
cd9ff4f5-5bd7-411b-9aa7-5ebc4cdc24a7,1117,SAL,CLORURO DE SODIO  (SAL),,0,0.0000,0.0000,7.6780,16 %,MXN,2,0,2,0.0000,Tasa,Kilogramo,MATERIA PRIMA,,,,Si,50171551,KGM,
5eb499e6-662c-44b7-ab0e-d8aa74b92f37,1119,EPP9,COFIA PLISADA LIGERA 21. E/DOBLE,,0,0.0000,0.0000,1.1500,16 %,MXN,0,0,2,0.0000,Tasa,Pieza,EPP,,,,No,46181500,H87,
86f056bf-1a95-450d-89a0-894ee67f5cf4,1653,COMP,COMPONENTES,,0,0.0000,0.0000,0.0000,16 %,MXN,0,0,2,0.0000,Tasa,PIEZA,,,,,No,23153100,H87,
efce7082-438f-4616-a3c6-3c9d4103f784,1120,EPP07,CONCHA 3M N95,,0,0.0000,0.0000,0.0000,16 %,MXN,0,0,2,0.0000,Tasa,Pieza,EPP,,,,No,31211903,H87,
f26088ef-9708-48db-a478-7b629db0e05e,1121,HIG5,CONO DE PAPEL,,0,0.0000,0.0000,42.3500,16 %,MXN,0,0,2,0.0000,Tasa,Caja,HIGIENICOS,,,,No,52151504,XBX,
bfaec828-13ac-4fac-8f67-0b65d4845ee5,1415,PRO1002136,"CONTADOR MECANICO PARA CELULAS. CAPACIDAD HASTA 999. LAS TECLAS TIENEN UNA ETIQUETA PARA IDENTIFICAR LA CELULA A CONTAR, INCLUYE TOTALIZADOR Y UNA PERILLA PARA RESTAURAR A CERO. FABRICADO EN PLASTICO DE ALTA RESISTENCIA QUIMICA. LUZEREN",,0,0.0000,0.0000,3420.0000,16 %,MXN,0,0,2,0.0000,Tasa,PZA,,,,,No,1010101,H87,
9eaedfef-21a6-47c6-aaa5-31d9348bb662,1619,883,"CORDON 883, ROLLO 100 METROS.",,5,40.0000,0.0000,108.0260,16 %,MXN,0,0,2,0.0000,Tasa,PIEZA,FERRETERIA,,,"CORDON 883, HILO ENTORCHADO ELÁSTICO 1 MM. ELASTICINTAS TERESITA, ROLLO 100 METROS.",No,11151700,H87,
8ffcd8c4-5bb9-45b9-97e6-aa0898f47342,1564,1170-100,"CROMO TRIOXIDO CRISTALES A.C.S., 100 G. MEYER",,0,0.0000,0.0000,502.2000,16 %,MXN,0,0,2,0.0000,Tasa,PZA,,,,,No,1010101,H87,
6a6d2af0-2430-4212-bc3a-53772779f181,1122,JAR12,CUBETA FLEXIBLE,,0,0.0000,0.0000,57.4840,16 %,MXN,0,0,2,0.0000,Tasa,Pieza,JARCIERIA,,,,No,41121813,H87,
cab785c5-7406-4959-9e60-17d8d6b7b9e4,1334,JAR84,CUBETA OTRA ESPECIFICACION,,0,0.0000,0.0000,184.5600,16 %,MXN,0,0,2,0.0000,Tasa,PIEZA,JARCIERIA,,,,No,41121813,H87,
086eba68-a216-4d4d-90b7-9779fcfbc6a9,1124,JAR14,CUBETA RIGIDA,,0,0.0000,0.0000,26.8410,16 %,MXN,0,0,2,0.0000,Tasa,Pieza,JARCIERIA,,,,No,41121813,H87,
e5b6b725-e7bc-4ca2-8ac1-5293a4985573,1123,JAR13,CUBETA RIGIDA NO USAR,,0,0.0000,0.0000,59.3000,16 %,MXN,0,0,2,0.0000,Tasa,Pieza,JARCIERIA,,,,No,41121813,H87,
d3bc1707-18db-453f-91ee-aafc129fba2d,1456,VE-C22,CUBRE OBJETOS 22X22 MM CON 100 PIEZAS. VELAB,,0,0.0000,0.0000,14.9620,16 %,MXN,0,0,2,0.0000,Tasa,PZA,,,,,No,1010101,H87,
085531f4-5617-43ac-9b84-620f4c901c57,1507,VE-C2450,CUBRE OBJETOS 24X50 MM CON 100 PIEZAS. VELAB,,0,0.0000,0.0000,34.5800,16 %,MXN,0,0,2,0.0000,Tasa,PZA,,,,,No,1010101,H87,
a5cdc373-6986-4779-9c88-1814990d9420,1126,EPP12,CUBREBOCAS MASCARILLA KN 95,,0,0.0000,0.0000,8.0000,16 %,MXN,0,0,2,0.0000,Tasa,Pieza,EPP,,,,No,31211903,H87,
8d422adc-fcdd-4b3c-8c3e-7f6b7376bdce,1125,EPP10,CUBREBOCAS TRICAPA CAJA C/50 PIEZAS,,0,0.0000,0.0000,1.0000,16 %,MXN,0,0,2,0.0000,Tasa,Pieza,EPP,,,,No,31211903,H87,
18f17731-bbe9-45a5-b383-220dd5ad740d,1127,DEA,DEA,,0,0.0000,0.0000,53.1950,16 %,MXN,1,0,2,0.0000,Tasa,Kilogramo,MATERIA PRIMA,,,,Si,1010101,KGM,
5cdca1e9-2d76-4735-ac4f-dfcac2347e49,1593,ZEYDENTS,"DENTOCAIN SIMPLE 3%, CAJA CON 50 CARTUCHOS DE 1.8 ML",,0,0.0000,0.0000,560.0000,0 %,MXN,0,0,2,0.0000,Tasa,PZA,,,,,No,1010101,H87,
855471ac-c886-4fbc-afd7-63867a90a981,1417,DES,DESECHABLE COMPRAS,,0,0.0000,0.0000,1087.0000,16 %,MXN,0,0,2,0.0000,Tasa,PZA,,,,,No,1010101,H87,
6860ca10-2f89-4385-a1f0-e9ebd27462c9,1128,QUI25,DESENGRASANTE DUO POWER,,0,0.0000,0.0000,138.4500,16 %,MXN,0,0,2,0.0000,Tasa,Litro,QUIMICOS,,,,No,47131821,LTR,
772243c8-358d-4683-a725-fac09af0df7c,1129,QUI26,"DESINFECTANTE ANTIBACTERIAL EN AEROSOL, MARCA GDOS, PRESENACI�N 450 ML. ANTIBACTERIAL ELIMINA 99.9% DE VIRUS, BACTERIAS Y HONGOS  PRESENTACION DE 450 ML",,0,0.0000,0.0000,60.0000,16 %,MXN,0,0,2,0.0000,Tasa,Pieza,QUIMICOS,,,,No,47131800,H87,
71e1d883-3935-4fbc-8589-7dc4b2c59059,1130,QUI27,"DESINFECTANTE LISTO PARA ATOMIZAR Y NEBULIZAR, BASE SALES CUATERNARIAS DE AMONIO. MARCA ARMONIA.",,0,0.0000,0.0000,0.0000,16 %,MXN,0,0,2,0.0000,Tasa,Litro,QUIMICOS,,,,No,41116105,LTR,
cbd4cb1d-f833-42eb-ab46-e99c8b39a99f,1131,EQ5,DESPACHADOR DE PAPEL HIGIENICO,,0,0.0000,0.0000,-2683.7470,16 %,MXN,0,0,2,0.0000,Tasa,Pieza,EQUIPO,,,,No,27112900,H87,
35937493-5cfb-4e6b-bd16-dcb5de1bdf32,1132,EQ6,DESPACHADOR DE TOALLA EN ROLLO,,0,0.0000,0.0000,545.7630,16 %,MXN,0,0,2,0.0000,Tasa,Pieza,EQUIPO,,,,No,27112900,H87,
8a3821f7-3ff4-48a0-a36c-ef56e6ebff25,1133,EQ7,DESPACHADOR DE TOALLA INTERDOBLADA,,0,0.0000,0.0000,188.1710,16 %,MXN,0,0,2,0.0000,Tasa,Pieza,EQUIPO,,,,No,27112900,H87,
84265be2-ae98-41e5-b0f1-716f92346e3a,1134,QUI28,DESTAPACA�OS LIQUIDO,,0,0.0000,0.0000,0.0000,16 %,MXN,0,0,2,0.0000,Tasa,Litro,QUIMICOS,,,,No,47131800,LTR,
e05ec894-dcf2-48eb-9842-f576cfe2803e,1135,QUI29,DETERGENTE EN POLVO 250 G ROMA . BIODEGRADABLE ,,0,0.0000,0.0000,9.5000,16 %,MXN,0,0,2,0.0000,Tasa,Pieza,QUIMICOS,,,,No,53131608,H87,
53dbd468-25ef-49f0-9cd9-deff4ffb79b7,1136,QUI30,DETERGENTE EN POLVO 250 G UTIL . BIODEGRADABLE,,0,0.0000,0.0000,840.0000,16 %,MXN,0,0,2,0.0000,Tasa,Pieza,QUIMICOS,,,,No,53131608,H87,
97744339-d8e7-4102-8af8-6a8c25eed3c3,1137,QUI31,DETERGENTE EN POLVO 500 G UTIL . BIODEGADABLE ,,0,0.0000,0.0000,0.0000,16 %,MXN,0,0,2,0.0000,Tasa,Pieza,QUIMICOS,,,,No,53131608,H87,
7a58467d-c60c-404c-b7a3-d0f086c743c0,1138,QUI32,DETERGENTE EN POLVO BIODEGRADABLE ROMA 1KG,,0,0.0000,0.0000,27.1040,16 %,MXN,0,0,2,0.0000,Tasa,Pieza,QUIMICOS,,,,No,53131608,H87,
35031e50-7250-4eb1-ad15-870537ba2a73,1139,QUI33,DETERGENTE EN POLVO BIODEGRADABLE ROMA 5 KG,,0,0.0000,0.0000,123.1000,16 %,MXN,0,0,2,0.0000,Tasa,Pieza,QUIMICOS,,,,No,53131608,H87,
5806c8ce-9d03-447d-a67d-02f9106d4f0a,1141,QUI35,DETERGENTE EN POLVO MARCA UTIL DE 10KG BIODEGRADABLE,,0,0.0000,0.0000,123.1400,16 %,MXN,0,0,2,0.0000,Tasa,Pieza,QUIMICOS,,,,No,53131608,H87,
405ed247-43b2-40b9-9be5-4cb39d19da6c,1142,QUI36,DETERGENTE EN POLVO MARCA UTIL DE 5 KG BIODEGRADABLE,,0,0.0000,0.0000,85.3400,16 %,MXN,0,0,2,0.0000,Tasa,Pieza,QUIMICOS,,,,No,53131608,H87,
f3621f98-21a4-41d3-b1fa-cdaad50b17a0,1143,QUI37,DETERGENTE EN POLVO ROMA DE 10KG,,0,0.0000,0.0000,115.7440,16 %,MXN,0,0,2,0.0000,Tasa,Pieza,QUIMICOS,,,,No,53131608,H87,
9c994194-a8f6-4c2f-a55a-1144a126804d,1144,QUI38,DETERGENTE LAVATRASTES,,0,0.0000,0.0000,505.9641,16 %,MXN,2,0,2,0.0000,Tasa,Litro,QUIMICOS,,,,Si,53131608,LTR,
22b397eb-8b32-4c17-8283-074e8cd7467c,1145,QUI39,DETERGENTE LAVATRASTES MARCA AXI�N EN PASTA 425 GRS,,0,0.0000,0.0000,0.0000,16 %,MXN,0,0,2,0.0000,Tasa,Pieza,QUIMICOS,,,,No,53131608,H87,
ec4bfd20-7f32-449d-92ae-2b3a4c1167e6,1147,QUI41,DETERGENTE LIQUIDO LAVATRASTES 900ML,,0,0.0000,0.0000,36.0600,16 %,MXN,0,0,2,0.0000,Tasa,Pieza,QUIMICOS,,,,No,53131608,H87,
88dfbd7d-342c-466f-8e88-7e14e9b4389b,1146,QUI40,DETERGENTE LIQUIDO LAVATRASTES AXION 2.8L,,0,0.0000,0.0000,157.7160,16 %,MXN,0,0,2,0.0000,Tasa,Pieza,QUIMICOS,,,,No,53131608,H87,
9a6a295c-c053-467e-8e56-816ab38729da,1140,QUI34,DETERGENTE MARCA UTIL DE 1 KG,,0,0.0000,0.0000,25.3890,16 %,MXN,0,0,2,0.0000,Tasa,Pieza,QUIMICOS,,,,No,53131608,H87,
a985b8be-21df-49c6-8fa2-82fc41bc2ad0,1425,GB-23300-4000,"DETERGENTE NEUTROX SOLUCION CONCENTRADA PH-7, 4 L. GOLDEN BELL",,0,0.0000,0.0000,116.0000,16 %,MXN,0,0,2,0.0000,Tasa,PZA,,,,,No,1010101,H87,
b7720b95-acae-46b6-904c-9f191d51ca63,1600,QUI90,D-FORTE 5 LITROS ENVASE POLIETILENO,,0,0.0000,0.0000,0.0000,16 %,MXN,0,0,2,0.0000,Tasa,PIEZA,QUIMICOS,,,DESENGRASANTE INDUSTRIAL D-FORTE EN ENVASE DE POLIETILENO PRESENTACIÓN 5 LITROS,No,47131821,H87,
2deccc1b-3d04-4db6-9a35-3e327ca5eac8,1148,QUI42,D-FORTE DESENGRASANTE CONCENTRADO,,0,0.0000,0.0000,3.4720,16 %,MXN,0,0,2,0.0000,Tasa,Litro,QUIMICOS,,,,No,47131821,LTR,
c9b7d19d-3a50-4703-8d45-26eeeb11ae27,1149,JAR15,DISCO PARA PULIDORA 19  3M BLANCO,,0,0.0000,0.0000,86.0700,16 %,MXN,0,0,2,0.0000,Tasa,Pieza,JARCIERIA,,,,No,11151500,H87,
867b3af4-ca5e-41a0-a8eb-ba0671b3c0f3,1150,JAR16,DISCO PARA PULIDORA 19  3M NEGRO,,0,0.0000,0.0000,147.4790,16 %,MXN,0,0,2,0.0000,Tasa,Pieza,JARCIERIA,,,,No,11151500,H87,
4efd9d15-294d-40b8-acf2-993cbf977a80,1151,JAR17,DISCO PARA PULIDORA 19  3M ROJO,,0,0.0000,0.0000,0.0000,16 %,MXN,0,0,2,0.0000,Tasa,Pieza,JARCIERIA,,,,No,11151500,H87,
3bd0eb71-5624-4d88-a603-93b6c3d1e58a,1152,JAR18,DISCO PARA PULIDORA 19  3M VERDE,,0,0.0000,0.0000,86.0700,16 %,MXN,0,0,2,0.0000,Tasa,Pieza,JARCIERIA,,,,No,11151500,H87,
3279c08e-4fd6-4ef1-8ce4-18b0bc433e38,1153,EDTA,EDTA,,0,0.0000,0.0000,50.0000,16 %,MXN,1,0,2,0.0000,Tasa,Litro,MATERIA PRIMA,,,,Si,1010101,LTR,
31a2a528-8849-490a-be58-37601db4edc1,1608,ELEC,ELECTROLITOS,,0,0.0000,0.0000,0.0000,Exento,MXN,0,0,2,0.0000,Tasa,PIEZA,MEDICAMENTO,,,,No,51191600,H87,
db641692-b02d-4612-a3f1-5036b726e40b,1154,JAR19,EMBUDO GRANDE,,0,0.0000,0.0000,40.0000,16 %,MXN,0,0,2,0.0000,Tasa,Pieza,JARCIERIA,,,,No,13101900,H87,
48002db9-4d61-4efd-b33e-28350e0713ad,1155,JAR20,EMBUDO PLASTICO MEDIANO,,0,0.0000,0.0000,-43.0400,16 %,MXN,0,0,2,0.0000,Tasa,Pieza,JARCIERIA,,,,No,13101900,H87,
776a079b-d8e3-46b7-98d0-d35df9329bfd,1611,EMP,EMPAQUE,,0,0.0000,0.0000,1113.7700,16 %,MXN,0,0,2,0.0000,Tasa,PZA,,,,,No,1010101,H87,
2bf69a62-3778-41b4-9d1d-6e882b9690a6,1641,ESPINO,ESCENCIA AROMA PINO,,0,0.0000,0.0000,355.0000,16 %,MXN,0,0,2,0.0000,Tasa,LTR,,,,ESCENCIA AROMA PINO,No,1010101,LTR,
45f45b81-ec6b-4a87-9506-184fcefb2d17,1640,ESEOLOR,ESCENCIA ELIMINADOR DE OLORES,,0,0.0000,0.0000,355.0000,16 %,MXN,0,0,2,0.0000,Tasa,LITRO,,,,ESCENCIA ELIMINADOR DE OLORES,No,1010101,LTR,
a0070ed2-0d29-4f70-b8c9-60b6ad06eac6,1639,LAVF,ESCENCIA LAVANDA FLASH,,0,0.0000,0.0000,355.0000,16 %,MXN,1,0,2,0.0000,Tasa,LITRO,,,,ESCENCIA LAVANDA FLASH,No,1010101,LTR,
a9853ad9-6782-44a2-9c6b-e83587cd8d15,1156,JAR21,ESCOBA ABANICO,,0,0.0000,0.0000,28.7520,16 %,MXN,0,0,2,0.0000,Tasa,Pieza,JARCIERIA,,,,No,47131600,H87,
dd76a039-4e7a-4fad-9d48-4b777ae0a2a1,1157,JAR22,ESCOBA CEPILLO GRANDE,,0,0.0000,0.0000,30.7810,16 %,MXN,0,0,2,0.0000,Tasa,Pieza,JARCIERIA,,,,No,47131600,H87,
722399a9-31ef-4ffb-b6a3-b5a42458007b,1158,JAR23,ESCOBA DE PLASTICO 5 HILOS ,,0,0.0000,0.0000,45.0000,16 %,MXN,0,0,2,0.0000,Tasa,Pieza,JARCIERIA,,,,No,47131600,H87,
1036e3c9-3dfa-49fe-adb7-eba1c6501113,1410,ESC-01,ESCOBILLON,,0,0.0000,0.0000,15.3300,16 %,MXN,0,0,2,0.0000,Tasa,PZA,,,,,No,27113000,H87,
47590778-ecf9-4318-8904-b7522337e71f,1159,CANELA,ESENCIA CANELA,,0,0.0000,0.0000,210.0000,16 %,MXN,1,0,2,0.0000,Tasa,Litro,MATERIA PRIMA,,,,Si,1010101,LTR,
cad6306f-4629-4ed5-baba-d1a1a389f9de,1160,ALMEN,ESENCIA DE ALMENDRA PROEX,,0,0.0000,0.0000,0.0000,16 %,MXN,1,0,2,0.0000,Tasa,Litro,MATERIA PRIMA,,,,Si,1010101,LTR,
eb27679e-3420-44cf-883c-dd80ba949c48,1161,DURAZ,ESENCIA DURAZNO RIKO PROEXP5715,,0,0.0000,0.0000,210.0000,16 %,MXN,1,0,2,0.0000,Tasa,Litro,MATERIA PRIMA,,,,Si,12352000,LTR,
7cfe6ed8-35ed-402d-bcee-68610a2ce7d3,1652,LIMONV,ESENCIA LIMÓN VERDE AROMATICOS,,0,0.0000,0.0000,1.0000,16 %,MXN,2,0,3,0.0000,Tasa,LITRO,,,,ESENCIA LIMÓN VERDE AROMATICOS TIPO AXION,No,1010101,LTR,
92ce92ff-e93e-44bb-8441-ef38a7f3edc3,1162,MAR,ESENCIA MAR FRESCO,,0,0.0000,0.0000,337.0290,16 %,MXN,1,0,2,0.0000,Tasa,Litro,MATERIA PRIMA,,,,Si,1010101,LTR,
55512adc-105e-49aa-a53f-06833a85afbf,1163,SUAVI,ESENCIA SUAVI YELLOW PROEXP 6614,,0,0.0000,0.0000,356.0000,16 %,MXN,1,0,2,0.0000,Tasa,Litro,MATERIA PRIMA,,,,Si,1010101,LTR,
3ce05892-93ea-42aa-9841-4537e1ce7028,1164,YELLOW,ESENCIA YELLOW PLUS EPF569,,0,0.0000,0.0000,387.0000,16 %,MXN,1,0,2,0.0000,Tasa,Litro,MATERIA PRIMA,,,,Si,1010101,LTR,
71a12156-64e6-41ce-89ed-ec6140884b7d,1165,FER2,ESPATULA ECONOMICA,,0,0.0000,0.0000,5.0000,16 %,MXN,0,0,2,0.0000,Tasa,Pieza,FERRETERIA,,,,No,31162800,H87,
1a26ea8c-e8d4-4730-9249-e1801c67d1c1,1166,FER3,ESPATULA FLEXIBLE ACERO INOXIDABLE CON MANGO,,0,0.0000,0.0000,49.0000,16 %,MXN,0,0,2,0.0000,Tasa,Pieza,FERRETERIA,,,,No,31162800,H87,
99f7300f-1f10-42c5-9094-123bcc1738b3,1167,JAR26,ESPONJA AUTOMOTR�Z,,0,0.0000,0.0000,0.0000,16 %,MXN,0,0,2,0.0000,Tasa,Pieza,JARCIERIA,,,,No,11151500,H87,
3f50e525-4dd0-4957-84f8-d0a5c6c09f43,1518,1009832500,"Etanol, absoluto para análisis EMSURE® ACS,ISO,Reag. Ph Eur, 2.5 L. Merck",,0,0.0000,0.0000,998.1300,16 %,MXN,0,0,2,0.0000,Tasa,PZA,,,,,No,1010101,H87,
251e9eb6-365d-4945-a437-23feeeb57874,1603,ETIP,ETIQUETA DE SEGURIDAD PAPEL,,0,0.0000,0.0000,1.0000,16 %,MXN,0,0,2,0.0000,Tasa,PIEZA,ENVASE,,,,No,14111537,H87,
26441a68-6858-464c-8a7e-eaa3280750c2,1649,ETICH,ETIQUETA DE VINIL CHICA (1/4),,0,0.0000,0.0000,3.4630,16 %,MXN,0,0,2,0.0000,Tasa,PIEZA,ENVASE,,,ETIQUETA DE VINIL CHICA (1/4),No,14111537,H87,
e1d2fdf8-1f62-43ab-b387-4e771dec63a6,1650,ETIGR,ETIQUETA DE VINIL GRANDE (1/2),,0,0.0000,0.0000,7.0000,16 %,MXN,0,0,2,0.0000,Tasa,PIEZA,ENVASE,,,ETIQUETA DE VINIL GRANDE (1/2),No,14111537,H87,
472efbb1-268c-4cbf-9ab1-0f9aca6a3291,1168,EQ8,EXTENCION ALUMINIO TRABAJO RUDO ,,0,0.0000,0.0000,0.0000,16 %,MXN,0,0,2,0.0000,Tasa,Pieza,EQUIPO,,,,No,31162800,H87,
1bd41fee-36ae-492c-aaab-e4ef0b38bcd7,1591,ESMED,"EYECTOR DE SALIVA, BOLSA CON 100 PIEZAS. MEDICOM",,0,0.0000,0.0000,58.6206,16 %,MXN,0,0,2,0.0000,Tasa,PZA,,,,,No,1010101,H87,
0f07b631-49ad-4dc6-9d18-21b1d9aaf0a7,1169,QUI43,FABULOSO LIMPIADOR  PISOS 10L,,0,0.0000,0.0000,0.0000,16 %,MXN,0,0,2,0.0000,Tasa,Pieza,QUIMICOS,,,,No,47131800,H87,
04ea2f59-0f5f-41dc-914a-92f8d736bc54,1170,EPP13,FAJA ELASTICA DE SEGURIDAD CHICA,,0,0.0000,0.0000,104.4620,16 %,MXN,0,0,2,0.0000,Tasa,Pieza,EPP,,,,No,31211903,H87,
f3eab38e-95c8-47ef-99d4-b630bf0400ab,1171,EPP14,FAJA ELASTICA DE SEGURIDAD GRANDE,,0,0.0000,0.0000,109.0000,16 %,MXN,0,0,2,0.0000,Tasa,Pieza,EPP,,,,No,31211903,H87,
42f60cf6-a1a9-41f8-a331-c611e1f79dc8,1172,EPP17,FAJA ELASTICA DE SEGURIDAD MEDIANA,,0,0.0000,0.0000,102.9460,16 %,MXN,0,0,2,0.0000,Tasa,Pieza,EPP,,,,No,31211903,H87,
e1997f3e-ccfe-4727-8562-f1aa3cf4fd28,1360,1170,FENOLFTALEINA 1% EN ALCOHOL ETILICO 96% INDICADOR 250 ML. HYCEL,,0,0.0000,0.0000,184.8000,16 %,MXN,0,0,2,0.0000,Tasa,PZA,,,,,No,1010101,H87,
4fc57c97-93e1-495c-a807-3f16b6a184e6,1345,RS,FERRETERIA EN GENERAL,,0,0.0000,0.0000,72.2460,16 %,MXN,0,0,2,0.0000,Tasa,PZS.,EQUIPO,,,,No,31162800,H87,
7e20aff7-0042-4039-a529-09595d44bf4f,1173,JAR27,FIBRA CON ESPONJA TIPO FREGÓN,,0,0.0000,0.0000,13.5240,16 %,MXN,0,0,2,0.0000,Tasa,Pieza,JARCIERIA,,,,No,11151500,H87,
93b119e7-aef0-4d6b-ac6b-63a4b41aaeef,1174,JAR28,"FIBRA ESPIRAL METALICA, 7 CM DE DI�METRO. MARCA YULIANA",,0,0.0000,0.0000,1.8400,16 %,MXN,0,0,2,0.0000,Tasa,Pieza,JARCIERIA,,,,No,47131600,H87,
782c3343-76e7-4611-b430-fbad08c09c56,1175,JAR29,FIBRA METALICA 12 CM DIAMETRO FABRICACION NACIONAL,,0,0.0000,0.0000,98.2330,16 %,MXN,0,0,2,0.0000,Tasa,Pieza,JARCIERIA,,,,No,11151500,H87,
46a9e3fa-2046-4217-83eb-29f5fc65c0c2,1365,FIBRA VERDE,FIBRA VERDE,,0,0.0000,0.0000,4.4400,16 %,MXN,0,0,2,0.0000,Tasa,PZA,,,,,No,47131603,H87,
308dba0d-8be6-4e89-bd7d-38351e58e826,1366,FIBRA CON ESPONJA,FIBRA VERDE CON ESPONJA,,0,0.0000,0.0000,-9.0230,16 %,MXN,0,0,2,0.0000,Tasa,PZA,,,,,No,47131603,H87,
b1165930-1d71-4884-9add-d0df5e764a19,1176,JAR30,"FIBRA VERDE CON ESPONJA, CHICA 120 x 80 MM SCOTH BRITE 3M P-94",,0,0.0000,0.0000,14.5240,16 %,MXN,0,0,2,0.0000,Tasa,Pieza,JARCIERIA,,,,No,11151500,H87,
6ab2509c-a644-4e6d-ab56-e3857e33fc9b,1177,JAR31,FIBRA VERDE SCOTCH BRITE P-96 229 MM X 152 MM,,0,0.0000,0.0000,11.7410,16 %,MXN,0,0,2,0.0000,Tasa,Pieza,JARCIERIA,,,,No,11151500,H87,
367e850f-d0b9-4a38-894d-edd7e74c8fc7,1178,JAR32,FIBRAS 3M BLANCA,,0,0.0000,0.0000,11.8080,16 %,MXN,0,0,2,0.0000,Tasa,Pieza,JARCIERIA,,,,No,11151500,H87,
413f7ad9-af2e-4757-8d77-c6b23666614d,1179,JAR33,FIBRAS 3M NEGRA,,0,0.0000,0.0000,18.7860,16 %,MXN,0,0,2,0.0000,Tasa,Pieza,JARCIERIA,,,,No,11151500,H87,
cb1b0cdb-3b50-4b90-83af-afd6e2b26b9b,1469,VE-F1,FILTRO AZUL. VELAB,,0,0.0000,0.0000,80.4500,16 %,MXN,0,0,2,0.0000,Tasa,PZA,,,,,No,1010101,H87,
42885d53-7942-4fe0-94d4-00282df4ec7c,1616,FLETE,FLETE,,0,0.0000,0.0000,306.8700,16 %,MXN,0,0,2,0.0000,Tasa,LOTE,,,,FLETE,No,78121603,LO,
562bb20a-a617-4281-b114-d9e665f2e59f,1180,FORMOL,FORMOL,,0,0.0000,0.0000,17.4840,16 %,MXN,1,0,2,0.0000,Tasa,Litro,MATERIA PRIMA,,,,Si,1010101,LTR,
569958ed-e594-4c12-8fc5-0a9ac6d69e7b,1181,JAR34,FRANELA BLANCA 50 CM X 100 CM ,,0,0.0000,0.0000,11.8550,16 %,MXN,0,0,2,0.0000,Tasa,Pieza,JARCIERIA,,,,No,47131501,H87,
56d9c363-674c-4448-8125-f69843fb02da,1182,JAR35,FRANELA GRIS,,0,0.0000,0.0000,11.7710,16 %,MXN,0,0,2,0.0000,Tasa,Pieza,JARCIERIA,,,,No,47131501,H87,
0dc0eb7f-a728-44cc-a330-781f25a466ed,1183,JAR36,FRANELA ROJA,,0,0.0000,0.0000,11.4430,16 %,MXN,0,0,2,0.0000,Tasa,Pieza,JARCIERIA,,,,No,47131501,H87,
8b2ac631-5283-4474-9a00-030aa2beda55,1184,JAR37,FUNDA PARA MOP 60 CM ,,0,0.0000,0.0000,52.3550,16 %,MXN,0,0,2,0.0000,Tasa,Pieza,JARCIERIA,,,,No,47131600,H87,
c1a77cc7-ba2e-4b14-a27d-a266e7567504,1635,JAR85,FUNDA PARA MOP 90 CM MOPTECH,,0,0.0000,0.0000,105.1300,16 %,MXN,0,0,2,0.0000,Tasa,PIEZA,JARCIERIA,,,FUNDA PARA MOP 90 CM MOPTECH,No,47131617,H87,
a5779032-bd62-4414-8758-1b00d6006b4f,1185,JAR38,FUNDA PARA MOP 90CM ,,0,0.0000,0.0000,36.0440,16 %,MXN,0,0,2,0.0000,Tasa,Pieza,JARCIERIA,,,,No,47131600,H87,
41386462-4c7b-40e9-95e6-4b08382f7b88,1186,JAR39,FUNDA PARA MOP GRANDE,,0,0.0000,0.0000,69.0120,16 %,MXN,0,0,2,0.0000,Tasa,Pieza,JARCIERIA,,,,No,47131600,H87,
209fa5b6-6818-4b89-9f60-ef3272d7c0d4,1487,MV-29,GALAVER GEL SOBRES C/10,,0,0.0000,0.0000,50.1000,0 %,MXN,0,0,2,0.0000,Tasa,PZA,,,,,No,1010101,H87,
6ae1284f-4160-41af-80f3-995d42dd2a32,1187,QUI44,GEL ANTIBACTERIA AGRANEL,,0,0.0000,0.0000,41.3800,16 %,MXN,0,0,2,0.0000,Tasa,Litro,QUIMICOS,,,,No,47131800,LTR,
f2a64fe9-17e4-4761-b8b4-396ee0b10a47,1188,QUI45,GERMICIDA A GRANEL,,0,0.0000,0.0000,0.0000,16 %,MXN,0,0,2,0.0000,Tasa,Litro,QUIMICOS,,,,No,47131800,LTR,
44e53f1d-2847-40f9-9b06-fb90c8f4842f,1189,QUI46,GLADE AROMATIZANTE VARIOS AROMAS 400 ML,,0,0.0000,0.0000,51.9360,16 %,MXN,0,0,2,0.0000,Tasa,Pieza,QUIMICOS,,,,No,12161803,H87,
852afe57-5aa0-4e10-86c3-a480c04e322b,1190,QUI47,GLADE REPUESTO AROMATIZANTE AMBIENTAL,,0,0.0000,0.0000,118.3810,16 %,MXN,0,0,2,0.0000,Tasa,Pieza,QUIMICOS,,,,No,12161803,H87,
dd9a028a-d226-48dc-8156-87437708287b,1191,GLIC,GLICERINA,,0,0.0000,0.0000,48.5760,16 %,MXN,1,0,2,0.0000,Tasa,Kilogramo,MATERIA PRIMA,,,,Si,1010101,KGM,
ef5d8816-672d-47fe-b59e-131963354f32,1596,90-8009,GRADILLA DE POLIPROPILENO PARA 80 TUBOS DE 1.5/2.0ml. COLORES SURTIDOS. 5/PAQ. BIOLOGIX,,0,0.0000,0.0000,396.0000,16 %,MXN,0,0,2,0.0000,Tasa,PZA,,,,,No,1010101,H87,
474b2c07-b110-401f-b7be-7319620e460f,1462,A1990-1001,"GRADILLAS PARA TUBOS DE ENSAYO, PARA TUBOS. CRM GLOBE",,0,0.0000,0.0000,86.4500,16 %,MXN,0,0,2,0.0000,Tasa,PZA,,,,,No,1010101,H87,
f16a35e6-a48e-4377-ae45-0c2ebc246c05,1461,A1991-1000,"GRADILLAS PARA TUBOS DE ENSAYO, PARA TUBOS. CRM GLOBE",,0,0.0000,0.0000,86.4500,16 %,MXN,0,0,2,0.0000,Tasa,PZA,,,,,No,1010101,H87,
79a49e73-ceee-465d-a77c-b11bdbd5844b,1361,541,"GRAM EQUIPO DE COLORANTES, 250 ML. HYCEL",,0,0.0000,0.0000,534.8000,16 %,MXN,0,0,2,0.0000,Tasa,PZA,,,,,No,1010101,H87,
a895b2ad-e61c-46d9-9a56-8e4ce35a37c2,1070,NIT-CH,GUANTE DE NITRILO TALLA CHICA,,0,0.0000,0.0000,346.6720,16 %,MXN,0,0,2,0.0000,Tasa,Par,CURACION,,,,No,46181504,PR,
f665df42-501d-4a12-80d3-8ff211c53689,1071,NIT-XCH,GUANTE DE NITRILO TALLA EXTRA CHICA,,0,0.0000,0.0000,0.0000,16 %,MXN,0,0,2,0.0000,Tasa,Par,CURACION,,,,No,46181504,PR,
ac9d716d-cdd4-43c3-88ec-393257cfa288,1072,NIT-XG,GUANTE DE NITRILO TALLA EXTRA GRANDE,,0,0.0000,0.0000,0.0000,16 %,MXN,0,0,2,0.0000,Tasa,Par,CURACION,,,,No,46181504,PR,
cf0d2208-839d-40d5-bb0d-4b80089f54fa,1073,NIT-G,GUANTE DE NITRILO TALLA GRANDE,,0,0.0000,0.0000,0.0000,16 %,MXN,0,0,2,0.0000,Tasa,Par,CURACION,,,,No,46181504,PR,
ae08bb7a-6174-4b6b-b5a1-c94b1a838495,1074,NIT-M,GUANTE DE NITRILO TALLA MEDIANA,,0,0.0000,0.0000,17.0260,16 %,MXN,0,0,2,0.0000,Tasa,Par,CURACION,,,,No,46181504,PR,
b2255b06-ee2d-4c65-b8ef-a3c891a675e7,1192,EPP28,GUANTE DE NITRILO VERDE NO. 8,,0,0.0000,0.0000,35.6480,16 %,MXN,0,0,2,0.0000,Tasa,Par,EPP,,,,No,46181504,PR,
7a10e6ac-7a3c-46f5-8ee6-885bbb919d08,1193,EPP29,GUANTE DE NITRILO VERDE NO. 9,,0,0.0000,0.0000,36.0370,16 %,MXN,0,0,2,0.0000,Tasa,Par,EPP,,,,No,46181504,PR,
505da2f8-e352-4c29-871a-50f28143a998,1206,EPP18,GUANTE DE NYLON CON PALMA DE NITRILO CHICO,,0,0.0000,0.0000,19.0000,16 %,MXN,0,0,2,0.0000,Tasa,Par,EPP,,,,No,46181504,PR,
e71035f4-ae63-4d6a-b5ea-3a572a5de859,1208,EPP20,GUANTE DE NYLON CON PALMA DE NITRILO GRANDE,,0,0.0000,0.0000,18.9650,16 %,MXN,0,0,2,0.0000,Tasa,Par,EPP,,,,No,46181504,PR,
ece53df6-2745-44a8-a43f-cd60cdcac73c,1207,EPP19,GUANTE DE NYLON CON PALMA DE NITRILO MEDIANO,,0,0.0000,0.0000,19.0000,16 %,MXN,0,0,2,0.0000,Tasa,Par,EPP,,,,No,46181504,PR,
2065c50d-ad18-48a3-b0fc-c5f41f7ef96a,1194,JAR40,GUANTE LATEX AMARILLO CHICO,,0,0.0000,0.0000,9.3430,16 %,MXN,0,0,2,0.0000,Tasa,Par,JARCIERIA,,,,No,46181504,PR,
40763047-894e-4dd2-b683-a8b932671ec0,1195,JAR41,GUANTE LATEX AMARILLO GRANDE,,0,0.0000,0.0000,10.0950,16 %,MXN,0,0,2,0.0000,Tasa,Par,JARCIERIA,,,,No,46181504,PR,
f0ee522f-2d73-4aba-b396-6512dae14ab6,1196,JAR42,GUANTE LATEX AMARILLO MEDIANO,,0,0.0000,0.0000,9.4800,16 %,MXN,0,0,2,0.0000,Tasa,Par,JARCIERIA,,,,No,46181504,PR,
479e2901-aacc-4a86-8081-a23c9935f363,1197,JAR43,GUANTE LATEX AZUL CHICO,,0,0.0000,0.0000,10.0590,16 %,MXN,0,0,2,0.0000,Tasa,Par,JARCIERIA,,,,No,46181504,PR,
64123732-43da-444e-8f43-9fe26b8142a2,1198,JAR44,GUANTE LATEX AZUL GRANDE,,0,0.0000,0.0000,0.0000,16 %,MXN,0,0,2,0.0000,Tasa,Par,JARCIERIA,,,,No,46181504,PR,
f1ecbf4c-60ae-4f65-82d1-50f4d3fc2b0e,1199,JAR45,GUANTE LATEX AZUL MEDIANO,,0,0.0000,0.0000,8.9030,16 %,MXN,0,0,2,0.0000,Tasa,Par,JARCIERIA,,,,No,46181504,PR,
24c900df-4d20-4ea6-a93d-cd2c86a40c79,1200,JAR46,GUANTE LATEX ROJO CHICO,,0,0.0000,0.0000,9.8720,16 %,MXN,0,0,2,0.0000,Tasa,Par,JARCIERIA,,,,No,46181504,PR,
1b830cec-d9e4-47c2-9601-b33d661727a2,1201,JAR47,GUANTE LATEX ROJO GRANDE,,0,0.0000,0.0000,11.2313,16 %,MXN,0,0,2,0.0000,Tasa,Par,JARCIERIA,,,,No,46181504,PR,
3f1be52d-870b-405e-8863-ae5a239ffddc,1202,JAR48,GUANTE LATEX ROJO MEDIANO,,0,0.0000,0.0000,9.4230,16 %,MXN,0,0,2,0.0000,Tasa,Par,JARCIERIA,,,,No,46181504,PR,
b43efc3e-aef3-4db5-ada9-36d6b711c691,1203,JAR49,GUANTE LATEX VERDE CHICO,,0,0.0000,0.0000,8.1700,16 %,MXN,0,0,2,0.0000,Tasa,Par,JARCIERIA,,,,No,46181504,PR,
91650c54-fbce-40a6-976b-fc301900f31c,1204,JAR50,GUANTE LATEX VERDE GRANDE,,0,0.0000,0.0000,15.8000,16 %,MXN,0,0,2,0.0000,Tasa,Par,JARCIERIA,,,,No,46181504,PR,
582320f8-7e99-4b18-a519-2fbaac858df5,1205,JAR51,GUANTE LATEX VERDE MEDIANO,,0,0.0000,0.0000,9.5030,16 %,MXN,0,0,2,0.0000,Tasa,Par,JARCIERIA,,,,No,46181504,PR,
5614e4f9-eb73-4168-8666-9396ec47b20b,1481,AM-43,HIDROCORTISONA/CLORANF/BENZOCAINA SOL FCO 10 ML (AMSA) LOTE: G23A169 CADUCIDAD: OCT24,,0,0.0000,0.0000,32.6000,0 %,MXN,0,0,2,0.0000,Tasa,PZA,,,,,No,1010101,H87,
ddfb1d68-4433-4e0f-9718-15d31a58a530,1523,11796828001,"High Pure PCR Template Preparation Kit, 100 purificaciones. Roche",,0,0.0000,0.0000,6966.5400,16 %,MXN,0,0,2,0.0000,Tasa,PZA,,,,,No,1010101,H87,
be039701-9379-48f8-a879-f128acaa0ae7,1209,HIG29,HIGIENICO FAPSA  HD 400 CON 6 BOBINAS  ,,0,0.0000,0.0000,0.0000,16 %,MXN,0,0,2,0.0000,Tasa,Caja,HIGIENICOS,,,,No,14111703,XBX,
c46efdbc-5e16-46a4-ae2f-d27af1028559,1211,HIG1,HIGIENICO JUMBO JR HOJA DOBLE COLOR BLANCO 200 MTS MARLI 90509,,0,0.0000,0.0000,344.4670,16 %,MXN,0,0,2,0.0000,Tasa,Caja,HIGIENICOS,,,,No,14111704,XBX,
59edaf1b-e77d-43cf-8515-d4480f92f4f4,1620,HILO,HILO,,0,0.0000,0.0000,0.0000,16 %,MXN,0,0,2,0.0000,Tasa,KILOGRAMO,,,,,No,11151700,KGM,
3d2bedaa-a9ac-4474-98a7-2304c2fc8b44,1212,HIPO,HIPOCLORITO DE SODIO  AL 13%,,0,0.0000,0.0000,9.3100,16 %,MXN,2,0,2,0.0000,Tasa,Kilogramo,MATERIA PRIMA,,,,Si,47131800,KGM,
df19afc8-6055-4c2c-a23e-7ab13d340088,1213,QUI48,HIPOCLORITO DE SODIO 10%,,0,0.0000,0.0000,6.9890,16 %,MXN,0,0,2,0.0000,Tasa,Litro,QUIMICOS,,,,No,47131800,LTR,
368cd27d-74a7-4a3f-b6a6-3638f5ea3e6c,1607,IMP,IMPERMEABILIZANTE,,0,0.0000,0.0000,720.0000,16 %,MXN,0,0,2,0.0000,Tasa,PZA,,,,,No,1010101,H87,
6fb9378f-5922-48d6-aa6d-44a66b27c09c,1214,QUI49,INSECTICIDA GDOS CASA Y JARDIN 400 ML,,0,0.0000,0.0000,59.0500,16 %,MXN,0,0,2,0.0000,Tasa,Pieza,QUIMICOS,,,,No,12161803,H87,
cab8b93f-f120-490a-8642-16419791b461,1604,PRODUCTO,INSECTICIDAS,,0,0.0000,0.0000,152.0740,16 %,MXN,0,0,2,0.0000,Tasa,PZA,,,,,No,1010101,H87,
1f635a7b-9e22-403f-9b61-7a8a12bb7c1c,1215,QUI50,"JABON ANTIBACTERIAL PARA MANOS ,VARIOS AROMAS MEMBERS MARK EN PRESENTACION DE 5.68 L",,0,0.0000,0.0000,0.0000,16 %,MXN,0,0,2,0.0000,Tasa,Pieza,QUIMICOS,,,,No,53131608,H87,
3d375936-3086-473e-a19b-1f111705080c,1216,QUI51,JABON DE TOCADOR,,0,0.0000,0.0000,4.2200,16 %,MXN,0,0,2,0.0000,Tasa,Pieza,QUIMICOS,,,,No,53131608,H87,
8d5e90dd-c124-4d4d-90f5-3e2707740e4a,1217,QUI52,JABON MULTIUSOS,,0,0.0000,0.0000,-13.1980,16 %,MXN,0,0,2,0.0000,Tasa,Litro,QUIMICOS,,,,No,53131608,LTR,
ba6f67ec-b69b-47d8-a41a-9f75320e7bb5,1218,QUI53,JABON PARA MANOS DELIX BICARBONATO 20 L,,0,0.0000,0.0000,374.7900,16 %,MXN,0,0,2,0.0000,Tasa,PIEZA,QUIMICOS,,,JABON PARA MANOS DELIX BICARBONATO PORRON 20 L,No,53131608,H87,
c359529f-af2f-443a-b140-e1215cbae35f,1219,QUI54,JABON PARA ROPA ARCOLOR,,0,0.0000,0.0000,0.0000,16 %,MXN,0,0,2,0.0000,Tasa,Litro,QUIMICOS,,,,No,53131608,LTR,
49fa316c-f03d-4081-b94d-f0e047c0c667,1220,EQ9,JABONERA / DESPACHADOR DE JABON,,0,0.0000,0.0000,-98.5340,16 %,MXN,0,0,2,0.0000,Tasa,Pieza,EQUIPO,,,,No,27112900,H87,
41ba43ad-a0ea-4ed6-b83a-8bf24550c7f7,1221,JAR52,JALADOR  HEAVY DUTY CON BASE METALLICA NEGRO 75CM C/BASTON MADERA,,0,0.0000,0.0000,261.9800,16 %,MXN,0,0,2,0.0000,Tasa,Pieza,JARCIERIA,,,,No,47131600,H87,
fdae9895-5ff0-41c9-947e-ffda3d6527bb,1222,JAR53,JALADOR DE PISOS 50 CM,,0,0.0000,0.0000,72.9480,16 %,MXN,0,0,2,0.0000,Tasa,Pieza,JARCIERIA,,,,No,47131600,H87,
09b4a352-638e-4610-a56c-e7a4cbee695f,1223,JAR54,JALADOR HEAVY DUTY DE 55 CM HD55-8,,0,0.0000,0.0000,118.0000,16 %,MXN,0,0,2,0.0000,Tasa,Pieza,JARCIERIA,,,,No,47131600,H87,
004ef403-d76d-48eb-a8f2-2460c5e46ea1,1224,JAR55,JALADOR PARA VIDRIOS CON ESPONJA DE 20 CM,,0,0.0000,0.0000,-8.3320,16 %,MXN,0,0,2,0.0000,Tasa,Pieza,JARCIERIA,,,,No,47131600,H87,
805ac097-147e-4625-9516-659850ff2161,1225,JAR56,JALADOR PROFESIONAL PARA CRISTALES,,0,0.0000,0.0000,30.2230,16 %,MXN,0,0,2,0.0000,Tasa,Pieza,JARCIERIA,,,,No,47131600,H87,
401107e7-5c02-4bb0-bd19-b26d123c7352,1226,JAR57,JERGA,,0,0.0000,0.0000,12.6910,16 %,MXN,0,0,2,0.0000,Tasa,Pieza,JARCIERIA,,,,No,47131501,H87,
a5b975dc-8184-44be-9ebb-f71f3a4f14ff,1227,JAR58,JICARAS ,,0,0.0000,0.0000,11.5370,16 %,MXN,0,0,2,0.0000,Tasa,Pieza,JARCIERIA,,,,No,13101900,H87,
0d24f052-d9a0-4752-a2f9-34aebfbd856e,1571,PS-A006,JUEGO DE HERRAJE PARA WC DE 3 . COFLEX PS-A006,,0,0.0000,0.0000,170.2900,16 %,MXN,0,0,2,0.0000,Tasa,PZA,,,,,No,1010101,H87,
30b750dd-9474-44fd-9b07-7b92108ee187,1228,KAOSOFT,KAOSOFT AGL-85 (18KG),,0,0.0000,0.0000,58.7600,16 %,MXN,1,0,2,0.0000,Tasa,Kilogramo,MATERIA PRIMA,,,,Si,47131800,KGM,
db5a1dff-f437-48f3-af23-78844e0090e9,1229,KIT1,KIT INSTALACION CALENTADOR SOLAR,,0,0.0000,0.0000,852.5170,16 %,MXN,0,0,2,0.0000,Tasa,Kit,FERRETERIA,,,,No,31211904,KT,
92c99ca0-69e9-4fa1-8e06-b79199254172,1440,PRO1001363,LAPIZ PUNTA DE CARBURO DE TUNGSTENO.,,0,0.0000,0.0000,75.2505,16 %,MXN,0,0,2,0.0000,Tasa,PZA,,,,,No,1010101,H87,
2b915c91-e528-4692-bc3d-65a786cef9db,1230,LAS,LAS,,0,0.0000,0.0000,9.6470,16 %,MXN,2,0,2,0.0000,Tasa,Litro,MATERIA PRIMA,,,,Si,1010101,LTR,
d18bfc71-aa5c-40e0-a8c9-7ecec86cf7d3,1231,LESS,LAURIL ETER SULFATO DE SODIO LESS,,0,0.0000,0.0000,17.4100,16 %,MXN,1,0,2,0.0000,Tasa,Kilogramo,MATERIA PRIMA,,,,Si,47131800,KGM,
316934de-99c4-4069-a816-346fabcf914d,1232,LSS,LAURIL SULFATO DE SODIO LSS,,0,0.0000,0.0000,38.0000,16 %,MXN,1,0,2,0.0000,Tasa,Kilogramo,MATERIA PRIMA,,,,Si,1010101,KGM,
bb0ad448-f2e7-40de-b23c-4035982f14bb,1233,EPP5,LENTE DE SEGURIDAD DEPORTIVO MICA CLARA,,0,0.0000,0.0000,13.9910,16 %,MXN,0,0,2,0.0000,Tasa,Pieza,EPP,,,,No,31211903,H87,
0d2126ac-6654-4751-ae6d-8fd3fe16b1e1,1234,EPP6,LENTE DE SEGURIDAD GRUESOS,,0,0.0000,0.0000,21.5580,16 %,MXN,0,0,2,0.0000,Tasa,Pieza,EPP,,,,No,31211903,H87,
54f827a9-aab9-469a-925c-c09999e8f5f1,1235,FER4,LIJA DE AGUA,,0,0.0000,0.0000,6.0890,16 %,MXN,0,0,2,0.0000,Tasa,Pieza,FERRETERIA,,,,No,31191501,H87,
a183a342-efa5-40c3-a736-7ec962e5ef66,1236,QUI55,LIMPIADOR FRESCO PINO,,0,0.0000,0.0000,8161.3640,16 %,MXN,0,0,2,0.0000,Tasa,Litro,QUIMICOS,,,,No,47131800,LTR,
86cfc697-d200-4c64-ae89-9490007c2488,1237,QUI56,LIMPIADOR LIMA LIMON ARMONIA,,0,0.0000,0.0000,0.0000,16 %,MXN,0,0,2,0.0000,Tasa,Litro,QUIMICOS,,,,No,47131800,LTR,
2d800143-c834-497a-939c-a6e9d19f645f,1238,QUI57,LIMPIADOR MULTIUSOS BRISA MARINA,,0,0.0000,0.0000,81.0930,16 %,MXN,0,0,2,0.0000,Tasa,Litro,QUIMICOS,,,,No,47131800,LTR,
55561f09-a054-4a4f-9117-984a9799596d,1239,QUI58,"LIMPIADOR MULTIUSOS FABULOSO DE 1 LITRO, VARIOS AROMAS FORMULA ANTIBACETIAL.",,0,0.0000,0.0000,146.5500,16 %,MXN,0,0,2,0.0000,Tasa,Pieza,QUIMICOS,,,,No,47131800,H87,
64321f6d-7e66-4c5e-b524-ad95c8e152b3,1240,QUI59,LIMPIADOR MULTIUSOS LAVANDA,,0,0.0000,0.0000,154.8420,16 %,MXN,0,0,2,0.0000,Tasa,Litro,QUIMICOS,,,,No,47131800,LTR,
2e19ee0e-4e5d-449c-ba33-c08c67ba3dfd,1609,LIMP-GRAL,LIMPIADORES EN GENERAL,,0,0.0000,0.0000,76.1710,16 %,MXN,0,0,2,0.0000,Tasa,PZA,,,,,No,1010101,H87,
3dfc618b-b67d-4e47-9305-897bbb40d256,1614,LIMPIADOR,LIMPIADORES MULTIUSOS OTRAS MARCAS,,0,0.0000,0.0000,91.3460,16 %,MXN,0,0,2,0.0000,Tasa,PZA,,,,,No,1010101,H87,
ea052c50-37f2-4d9d-b517-9ef5c66832a8,1244,LV,LIMPIAVIDRIOS,,0,0.0000,0.0000,0.5390,16 %,MXN,0,0,2,0.0000,Tasa,Litro,QUIMICOS,,,,No,47131800,LTR,
58787050-75cc-4261-a6be-19c422dcc606,1576,PIN,LIQUITINT,,0,0.0000,0.0000,1172.8611,16 %,MXN,0,0,2,0.0000,Tasa,PZA,,,,,No,1010101,H87,
ce68b806-ee24-463d-8914-265668f0abc2,1579,1074340010,"L-PROLINA, 10 G. MERCK",,0,0.0000,0.0000,648.8500,16 %,MXN,0,0,2,0.0000,Tasa,PZA,,,,,No,1010101,H87,
6f17ec9a-ca09-438e-83e4-2f5626b063b8,1246,QUI65,LYSOL AEROSOL DE 354 GR ,,0,0.0000,0.0000,72.3300,16 %,MXN,0,0,2,0.0000,Tasa,Pieza,QUIMICOS,,,,No,12161803,H87,
4ad6f5db-8cde-4241-90ca-1c932facf0f9,1247,QUI66,LYSOL AEROSOL DE 475 GR,,0,0.0000,0.0000,240.2590,16 %,MXN,0,0,2,0.0000,Tasa,Pieza,QUIMICOS,,,,No,12161803,H87,
5d74b82a-77d9-423d-b053-45dded173ba1,1248,UNI17,MANDIL  BLANCO PLASTICO,,0,0.0000,0.0000,51.7200,16 %,MXN,0,0,2,0.0000,Tasa,Pieza,UNIFORMES,,,,No,46181500,H87,
d681c5ce-b0a0-4495-bc1d-a5ee63280509,1249,EPP34,MASCARILLA TIPO CONCHA DESECHABLE,,0,0.0000,0.0000,3.9000,16 %,MXN,0,0,2,0.0000,Tasa,Pieza,EPP,,,,No,31211903,H87,
8c495f53-9470-42aa-b138-5ae8a97ea60f,1443,MC,MATERIAL DE CURACION,,0,0.0000,0.0000,32.5240,16 %,MXN,0,0,2,0.0000,Tasa,PZA,,,,,No,1010101,H87,
a9dfc4c9-deba-4ad0-9857-6786947e24d9,1602,ML,MATERIAL DE LABORATORIO,,0,0.0000,0.0000,99.0180,16 %,MXN,0,0,2,0.0000,Tasa,PIEZA,,,,,No,1010101,H87,
399249de-1734-430f-9116-ef85648a19d6,1651,ML,MATERIAL DE LIMPIEZA,,0,0.0000,0.0000,106.1150,16 %,MXN,0,0,2,0.0000,Tasa,PIEZA,,,,,No,47131500,H87,
a8fcc15d-dee5-4ee6-91c3-5c92789d02d0,1586,GL-231.402.03A,MATRAZ ERLENMEYER BOCA ANGOSTA 125 ML. GLASSCO,,0,0.0000,0.0000,57.2600,16 %,MXN,0,0,2,0.0000,Tasa,PZA,,,,,No,1010101,H87,
5d2b62e9-7a1a-4a48-acce-3a51b8b2839a,1599,DUR-212163605- 250,MATRAZ ERLENMEYER BOCA ANGOSTA 250 ML. KIMAX-DURAN,,0,0.0000,0.0000,102.9800,16 %,MXN,0,0,2,0.0000,Tasa,PZA,,,,,No,1010101,H87,
f4dee9d0-b2aa-432d-8713-26ba741db458,1585,KX-26500-50,MATRAZ ERLENMEYER BOCA ANGOSTA 50 ML. KIMAX,,0,0.0000,0.0000,83.6300,16 %,MXN,0,0,2,0.0000,Tasa,PZA,,,,,No,1010101,H87,
ead1d7a4-b0b6-45d4-b233-e7dfc901b05c,1617,CARD-,"Medicamentos cardiovasculares, nifedipino, enalapril",,0,0.0000,0.0000,1.0000,Exento,MXN,0,0,2,0.0000,Tasa,PIEZA,,,,,No,51121900,H87,
0e0bebc0-ffb8-46f2-9e4e-09f2535d2d02,1594,HI98107,"MEDIDOR DE PH PORTATIL, RANGO DE 0 A14. HANNA",,0,0.0000,0.0000,772.8000,16 %,MXN,0,0,2,0.0000,Tasa,PZA,,,,,No,1010101,H87,
5fdac0f6-155f-437e-801e-8e5a922a34d5,1562,1697-250,"MERCUROSO NITRATO REACTIVO, 250 G. MEYER",,0,0.0000,0.0000,3724.8000,16 %,MXN,0,0,2,0.0000,Tasa,PZA,,,,,No,1010101,H87,
686fe4c9-43ba-41af-86eb-ffd480a95a5e,1428,AM-17,"METAMIZOL SODICO 1 G, CON 3 AMPOLLETAS",,0,0.0000,0.0000,21.5000,0 %,MXN,0,0,2,0.0000,Tasa,PZA,,,,,No,1010101,H87,
b5c4481e-4573-44cb-bc02-9d551eb51848,1555,1720-1000,"METIL ISOBUTIL CETONA A.C.S., 1 L. MEYER",,0,0.0000,0.0000,360.6000,16 %,MXN,0,0,2,0.0000,Tasa,PZA,,,,,No,1010101,H87,
d2c43d71-9d05-4ffa-a393-6bf88727c6d0,1601,MHA000P2F,"M-FC Fecal Coliform Liquid Media Ampoule, con 50 piezas. Millipore",,0,0.0000,0.0000,1947.5000,16 %,MXN,0,0,2,0.0000,Tasa,PZA,,,,,No,1010101,H87,
5182d69b-cf0b-45c4-ad20-ab368fe12ba9,1568,3123000080,"MICROPIPETA MONOCANAL, DE 1000 - 10000 UL, VOLUMEN VARIABLE, RESEARCH PLUS. EPPENDORF",,0,0.0000,0.0000,7109.5000,16 %,MXN,0,0,2,0.0000,Tasa,PZA,,,,,No,1010101,H87,
1354a3de-99d1-418c-8580-7b34d2948632,1638,MOB,MOBILIARIO,,0,0.0000,0.0000,0.0000,16 %,MXN,0,0,2,0.0000,Tasa,PIEZA,,,,MOBILIARIO,No,56101500,H87,
8d3045ff-16a2-48eb-9af5-3ee2f69468eb,1488,NI-33,NATRAZIM TABS 40 MG C/30,,0,0.0000,0.0000,55.6500,0 %,MXN,0,0,2,0.0000,Tasa,PZA,,,,,No,1010101,H87,
13a3056e-4cc7-4ddb-aa76-7e9cfccc5814,1575,8840-500,"NESSLER REACTIVO (EN SOLUCIÓN P/ PROCEDIMIENTO SEGÚN APHA), 500 ML. MEYER",,0,0.0000,0.0000,563.5500,16 %,MXN,0,0,2,0.0000,Tasa,PZA,,,,,No,1010101,H87,
0fcfbc28-4f5d-49c3-a650-a2e122d3981a,1250,NONIL,NONIL FENOL,,0,0.0000,0.0000,53.5250,16 %,MXN,1,0,2,0.0000,Tasa,Kilogramo,MATERIA PRIMA,,,,Si,1010101,KGM,
a110517c-9cce-47bc-94a5-a562fc2e9956,1251,UNI18,OVEROL GRIS / GUINDA,,0,0.0000,0.0000,400.0000,16 %,MXN,0,0,2,0.0000,Tasa,Pieza,UNIFORMES,,,,No,53102700,H87,
ac558a0b-6aa1-497f-8497-01c59f811ae8,1252,EPP16,OVEROL LAMINADO TYVEK,,0,0.0000,0.0000,44.5390,16 %,MXN,0,0,2,0.0000,Tasa,Pieza,EPP,,,,No,46181500,H87,
4b794ec4-fab2-4720-90c9-50e5c80dc434,1253,EQ10,OXIMETRO,,0,0.0000,0.0000,669.0000,16 %,MXN,0,0,2,0.0000,Tasa,Pieza,EQUIPO,,,,No,42143800,H87,
80c712eb-52cf-4b86-a9aa-c9d646cafbab,1257,JAR59,PAÑO SECADOR MULTIUSOS PAQUETE C/9,,0,0.0000,0.0000,68.6200,16 %,MXN,0,0,2,0.0000,Tasa,Pieza,JARCIERIA,,,,No,47131501,H87,
22d159f8-5dbd-48fb-a621-efd1ae3f020c,1629,UNIC,PANTALON HOMBRE CLARIOS TALLA CH (36),,0,0.0000,0.0000,235.0000,16 %,MXN,0,0,2,0.0000,Tasa,PIEZA,,,,PANTALON HOMBRE CLARIOS TALLA CH GABARDINA AZUL 80% POLIESTER 20% ALGODÓN,No,53102700,H87,
207716d8-304d-4476-86f0-7e5781007b28,1631,UNIP,PANTALON HOMBRE CLARIOS TALLA G (38),,0,0.0000,0.0000,235.0000,16 %,MXN,0,0,2,0.0000,Tasa,PIEZA,,,,PANTALON HOMBRE CLARIOS TALLA G GABARDINA AZUL 80% POLIESTER 20% ALGODÓN,No,53102700,H87,
b8c09fd9-125d-4d03-a392-2ba54fe8391e,1630,UNIP,PANTALON HOMBRE CLARIOS TALLA M (40),,0,0.0000,0.0000,235.0000,16 %,MXN,0,0,2,0.0000,Tasa,PIEZA,,,,PANTALON HOMBRE CLARIOS TALLA M GABARDINA AZUL 80% POLIESTER 20% ALGODÓN,No,53102700,H87,
e00aa20e-ff2b-43ee-b71c-24921e2c2c3b,1632,UNIP,PANTALON HOMBRE CLARIOS TALLA XL (42),,0,0.0000,0.0000,235.0000,16 %,MXN,0,0,2,0.0000,Tasa,PIEZA,,,,PANTALON HOMBRE CLARIOS TALLA XL GABARDINA AZUL 80% POLIESTER 20% ALGODÓN,No,53102700,H87,
536a3a7e-d289-48a1-83be-528b487a9a4d,1633,UNIP,PANTALON HOMBRE CLARIOS TALLA XXL (44),,0,0.0000,0.0000,0.0000,16 %,MXN,0,0,2,0.0000,Tasa,PIEZA,,,,PANTALON HOMBRE CLARIOS TALLA XXL (44) GABARDINA AZUL 80% POLIESTER 20% ALGODÓN,No,53102700,H87,
200a0951-036d-44a3-b201-a8bbc50437d0,1625,UNIP,PANTALON MUJER CLARIOS TALLA CH (3-5),,0,0.0000,0.0000,0.0000,16 %,MXN,0,0,2,0.0000,Tasa,PIEZA,,,,PANTALON MUJER CLARIOS TALLA CH GABARDINA AZUL 80% POLIESTER 20% ALGODÓN,No,53102700,H87,
99a0070e-4cce-4e12-82fb-5879897865d9,1627,UNIP,PANTALON MUJER CLARIOS TALLA G  (11-13),,0,0.0000,0.0000,0.0000,16 %,MXN,0,0,2,0.0000,Tasa,PIEZA,,,,PANTALON MUJER CLARIOS TALLA G GABARDINA AZUL 80% POLIESTER 20% ALGODÓN,No,53102700,H87,
b344b7b7-5dca-4edd-85f8-7159bc20d8a1,1626,UNIP,PANTALON MUJER CLARIOS TALLA M (7-9),,0,0.0000,0.0000,0.0000,16 %,MXN,0,0,2,0.0000,Tasa,PIEZA,,,,PANTALON MUJER CLARIOS TALLA M GABARDINA AZUL 80% POLIESTER 20% ALGODÓN,No,53102700,H87,
be56da20-0936-4418-8cc9-57290b86c32d,1628,UNIP,PANTALON MUJER CLARIOS TALLA XL (15-17),,0,0.0000,0.0000,0.0000,16 %,MXN,0,0,2,0.0000,Tasa,PIEZA,,,,PANTALON MUJER CLARIOS TALLA XL GABARDINA AZUL 80% POLIESTER 20% ALGODÓN,No,53102700,H87,
a0056341-0d78-4abc-ac8e-fc897cd53098,1254,HIG15,PAÑUELO FACIAL KLEENEX,,0,0.0000,0.0000,-2861.9660,16 %,MXN,0,0,2,0.0000,Tasa,Pieza,HIGIENICOS,,,,No,14111701,H87,
ef3f63b1-e66b-47d2-8108-d24a72f49340,1426,7162,"PAPANICOLAOU COLORANTE EA-50, 1 L, CAJA CON 6 PIEZAS. HYCEL",,0,0.0000,0.0000,4527.9000,16 %,MXN,0,0,2,0.0000,Tasa,PZA,,,,,No,1010101,H87,
2e824924-78be-4ca6-a4e3-8b318a495e4b,1427,7162,"PAPANICOLAOU COLORANTE EA-50, 1 L, PIEZA. HYCEL",,0,0.0000,0.0000,838.5000,16 %,MXN,0,0,2,0.0000,Tasa,PZA,,,,,No,1010101,H87,
d7b89c75-2ae4-46af-bbc9-e047b15e1560,1255,HIG24,PAPEL DALIA 200 HB19320,,0,0.0000,0.0000,288.3200,16 %,MXN,0,0,2,0.0000,Tasa,Caja,HIGIENICOS,,,,No,14111704,XBX,
7ecea4b9-2547-4cb9-a0e2-e4e7583f7f81,1210,HIG30,PAPEL DALIA 400M HB 19340,,0,0.0000,0.0000,282.8121,16 %,MXN,0,0,2,0.0000,Tasa,Caja,HIGIENICOS,,,,No,14111704,XBX,
8255e73c-8f7e-42f0-9654-a1a553236349,1256,HIG26,PAPEL DALIA HD 180 MTS,,0,0.0000,0.0000,266.4000,16 %,MXN,0,0,2,0.0000,Tasa,Caja,HIGIENICOS,,,,No,14111704,XBX,
d2c9d9d1-7a1a-4ce7-ab7e-e2c2b28b9dfa,1364,1820-024,"PAPEL FILTRO FIBRA DE VIDRIO GF/A, 2.4 CM, CAJA CON 100 PIEZAS. WHATMAN",,0,0.0000,0.0000,45.0000,16 %,USD,0,0,2,0.0000,Tasa,PZA,,,,,No,1010101,H87,
a0e1d023-82f1-4e56-a601-2d5bca70eb7c,1340,HIG,PAPEL HIGIENICO ELITE BOBINA JUNIOR HD 12/180,,0,0.0000,0.0000,325.0000,16 %,MXN,0,0,2,0.0000,Tasa,PZA,,,,,No,1010101,H87,
20fca501-b3d0-449a-bfdf-e2a3ad55bf5b,1613,HIG,PAPEL HIGIENICO OTRAS MARCAS,,0,0.0000,0.0000,367.0000,16 %,MXN,0,0,2,0.0000,Tasa,PZA,,,,,No,1010101,H87,
6da9b94c-4ef4-4eb9-b1da-a01dc804b5a7,1449,CVQ2051,PAPEL PH. TIRAS REACTIVAS 0-14. TUBO 100 PIEZAS. CIVEQ,,0,0.0000,0.0000,131.6700,16 %,MXN,0,0,2,0.0000,Tasa,PZA,,,,,No,1010101,H87,
c49e30e7-3448-4a67-b5d3-476beff3cdcb,1597,PRO1002247,"PAPEL TORNASOL AZUL, 100 TIRAS /PAQUETE. LUZEREN",,0,0.0000,0.0000,18.0000,16 %,MXN,0,0,2,0.0000,Tasa,PZA,,,,,No,1010101,H87,
8a9c5c39-89a9-4e63-8d05-83768ba3e83d,1598,PRO1002248,"PAPEL TORNASOL ROJO, 100 TIRAS /PAQUETE.  LUZEREN",,0,0.0000,0.0000,18.0000,16 %,MXN,0,0,2,0.0000,Tasa,PZA,,,,,No,1010101,H87,
30ef79f4-f1ed-4d58-be61-0366a6fe1d20,1259,QUI67,PASTILLA  WIESE 70 GR,,0,0.0000,0.0000,10.2600,16 %,MXN,0,0,2,0.0000,Tasa,Pieza,QUIMICOS,,,,No,47131803,H87,
ed195c12-24dd-45d4-b4df-33e12598274f,1260,QUI68,PASTILLAS DE CLORO 90% TRICLORO DE 1 ,,0,0.0000,0.0000,23.0020,16 %,MXN,0,0,2,0.0000,Tasa,Kilogramo,QUIMICOS,,,,No,47131803,KGM,
b27c8f42-bfc5-4f84-9559-b76388a459e0,1261,QUI69,PASTILLAS DE CLORO 90% TRICLORO DE 3 ,,0,0.0000,0.0000,22.2940,16 %,MXN,0,0,2,0.0000,Tasa,Kilogramo,QUIMICOS,,,,No,47131803,KGM,
7f4511a9-ef4c-4a08-b4e8-36be15255000,1527,70011044,"PBS (10X) PH 7.4, 500ML GIBCO",,0,0.0000,0.0000,1920.0000,16 %,MXN,0,0,2,0.0000,Tasa,PZA,,,,,No,1010101,H87,
44f898ad-699b-4e55-8966-a267c63c4c2e,1503,DENTAL,"PELICULA RADIOGRAFICA DENTAL INFANTIL, #0, CAJA CON 100 PZS. CARESTREAM INSIGHT",,0,0.0000,0.0000,836.2068,16 %,MXN,0,0,2,0.0000,Tasa,PZA,,,,,No,1010101,H87,
4eab8fd2-d188-46fb-90c9-4d1d497d9cd3,1502,DENTAL,"PELICULA RADIOGRAFICA DENTAL, ADULTO, #2, CAJA CON 150 PZAS. CARESTREAM E-SPEED",,0,0.0000,0.0000,896.5517,16 %,MXN,0,0,2,0.0000,Tasa,PZA,,,,,No,1010101,H87,
c4431a2e-5776-482a-982b-9e70e00fbbd2,1533,GB-27110-500,"PERSULFATO DE POTASIO A.C.S., 500 G. GOLDEN BELL",,0,0.0000,0.0000,871.1600,16 %,MXN,0,0,2,0.0000,Tasa,PZA,,,,,No,1010101,H87,
de6c0d43-7cf8-46c2-b357-4c3106a84b90,1520,P3288-12VL,"Phosphate buffer pH 7.2 at 25 °C for hematology and histology staining techniques, 12 viales. Sigma Aldrich",,0,0.0000,0.0000,3954.6900,16 %,MXN,0,0,2,0.0000,Tasa,PZA,,,,,No,1010101,H87,
408f9bbc-0678-4ab9-8696-7245538ecb04,1262,JAR60,PIEDRA POMEX ,,0,0.0000,0.0000,6.6670,16 %,MXN,0,0,2,0.0000,Tasa,Pieza,JARCIERIA,,,,No,31191501,H87,
1b0a55c1-b916-4624-b055-918ce65dbf20,1263,FER5,PILAS ALCALINAS AA VOLTREC,,0,0.0000,0.0000,6.3100,16 %,MXN,0,0,2,0.0000,Tasa,Pieza,FERRETERIA,,,,No,26111700,H87,
1e1c58e1-49e9-49d3-ae42-2223c42cb120,1264,FER6,PILAS ALCALINAS AAA VOLTREC,,0,0.0000,0.0000,6.8900,16 %,MXN,0,0,2,0.0000,Tasa,Pieza,FERRETERIA,,,,No,26111700,H87,
2f118541-ec42-463a-9fc8-05f586ee7879,1242,QUI61,PINOL 1 L,,0,0.0000,0.0000,16.1800,16 %,MXN,0,0,2,0.0000,Tasa,Pieza,QUIMICOS,,,,No,47131800,H87,
96a194d2-5883-4671-ae79-af08169e6dba,1243,QUI62,PINOL 828 ML,,0,0.0000,0.0000,412.4040,16 %,MXN,0,0,2,0.0000,Tasa,Pieza,QUIMICOS,,,,No,47131800,H87,
32f70aeb-4b50-45e1-b4dd-9520c677ce2e,1241,QUI60,PINOL OTRAS MEDIDAS,,0,0.0000,0.0000,175.6010,16 %,MXN,0,0,2,0.0000,Tasa,Pieza,QUIMICOS,,,,No,47131800,H87,
4d403b26-2fa9-4113-b3f1-a0c23f2707f7,1569,PIN,PINTURA,,0,0.0000,0.0000,1578.3300,16 %,MXN,0,0,2,0.0000,Tasa,PZA,,,,,No,1010101,H87,
461f5d51-caa5-4432-9dbd-dc6d68ed8e22,1570,PIN,PINTURA,,0,0.0000,0.0000,881.2500,16 %,MXN,0,0,2,0.0000,Tasa,PZA,,,,,No,1010101,H87,
895e969f-2e51-468e-ad5f-8181fdb1a017,1347,PIN,PINTURA ESMALTE ALQUIDALICO DICOLOR 100 GALON,,0,0.0000,0.0000,350.0000,16 %,MXN,0,0,2,0.0000,Tasa,PZA,,,,,No,1010101,H87,
2af2b31f-9e43-4eb1-b207-0439ea43d2b4,1338,PIN,PINTURA ESMALTE DICOLOR 100 CUBETA 19 L,,0,0.0000,0.0000,1550.0000,16 %,MXN,0,0,2,0.0000,Tasa,PZA,,,,,No,1010101,H87,
b675b584-7839-4148-8446-85f0b3d7b95f,1343,PIN,PINTURA ESMALTE DICOLOR 100 LITRO,,0,0.0000,0.0000,105.0000,16 %,MXN,0,0,2,0.0000,Tasa,PZA,,,,,No,1010101,H87,
4cc61274-583a-489a-aba6-db7e987e6d87,1470,PIN,PINTURA HULE CLORADO GALON,,0,0.0000,0.0000,370.0000,16 %,MXN,0,0,2,0.0000,Tasa,PZA,,,,,No,1010101,H87,
6d6e7628-a9ad-428a-905e-f570b4f60202,1342,PIN,PINTURA TRÁFICO BASE AGUA DICOLOR CUBETA 19 L,,0,0.0000,0.0000,1538.7931,16 %,MXN,0,0,2,0.0000,Tasa,PZA,,,,,No,1010101,H87,
6ec60d4b-233c-4b10-ab7f-3c092a37a2b8,1341,PIN,PINTURA TRÁFICO BASE AGUA DICOLOR CUBETA 19 L,,0,0.0000,0.0000,1538.7931,16 %,MXN,0,0,2,0.0000,Tasa,PZA,,,,,No,1010101,H87,
21a318b6-151c-4467-b55f-12dd54b6a5cb,1337,PIN,PINTURA VINICOLOR 500 BLANCO GALON,,0,0.0000,0.0000,211.2100,16 %,MXN,0,0,2,0.0000,Tasa,PZA,,,,,No,1010101,H87,
26bfe67d-d059-4de5-9566-8f85bf288f0a,1336,PIN,PINTURA VINICOLOR 500 CUBETA DE 19 L,,0,0.0000,0.0000,935.3400,16 %,MXN,0,0,2,0.0000,Tasa,PZA,,,,,No,1010101,H87,
d69892a3-ff8b-4aa0-bc58-415608a622f6,1344,PIN,PINTURA VINIL-ACRÍLICA VINICOLOR INTER CUBETA 19 L,,0,0.0000,0.0000,1206.8965,16 %,MXN,0,0,2,0.0000,Tasa,PZA,,,,,No,1010101,H87,
f42184c0-842f-4134-8868-f53b8190164d,1346,PIN,PINTURA VINIL-ACRILICA VINICOLOR MAXIMA CUBETA 19 L MARCA DICOLOR,,0,0.0000,0.0000,1518.3730,16 %,MXN,0,0,2,0.0000,Tasa,PZA,,,,,No,1010101,H87,
d6546176-4403-474f-8ea2-2fb76b547169,1265,UNI19,PLAYERA POLO GRIS CH,,0,0.0000,0.0000,213.9290,16 %,MXN,0,0,2,0.0000,Tasa,Pieza,UNIFORMES,,,,No,53102700,H87,
95071c69-b179-43b5-b551-9e6f5b142bd3,1266,UNI20,PLAYERA POLO GRIS G,,0,0.0000,0.0000,3447.3000,16 %,MXN,0,0,2,0.0000,Tasa,Pieza,UNIFORMES,,,,No,53102700,H87,
9e91cb87-e2f6-4333-9eb5-af75c475922c,1267,UNI21,PLAYERA POLO GRIS M,,0,0.0000,0.0000,162.0680,16 %,MXN,0,0,2,0.0000,Tasa,Pieza,UNIFORMES,,,,No,53102700,H87,
af7d5ed7-9eef-4a48-a126-6fc18b7c0a63,1268,UNI22,PLAYERA POLO GRIS XG,,0,0.0000,0.0000,16.6650,16 %,MXN,0,0,2,0.0000,Tasa,Pieza,UNIFORMES,,,,No,53102700,H87,
8b688cd3-a898-4e60-911e-7928ab7b0ca0,1269,UNI23,PLAYERA POLO GRIS XXG ,,0,0.0000,0.0000,170.0000,16 %,MXN,0,0,2,0.0000,Tasa,Pieza,UNIFORMES,,,,No,53102700,H87,
c8ed57bf-50d9-449b-a22f-8378015208f0,1270,QUI70,PLEDGE,,0,0.0000,0.0000,86.7060,16 %,MXN,0,0,2,0.0000,Tasa,Pieza,QUIMICOS,,,,No,12161803,H87,
0d50125f-8617-4046-be39-33f4992637c9,1558,1935-100,"PLOMO DIOXIDO IV   A.C.S., 100 G. MEYER",,0,0.0000,0.0000,655.2000,16 %,MXN,0,0,2,0.0000,Tasa,PZA,,,,,No,1010101,H87,
6ace2d1b-f4e1-4ab1-ab30-3d50de322ece,1272,JAR62,PLUMERO DE CARRIZO PARA TECHO,,0,0.0000,0.0000,0.0000,16 %,MXN,0,0,2,0.0000,Tasa,Pieza,JARCIERIA,,,,No,47121801,H87,
a36b3963-4c0e-4504-8aed-aab49b61f138,1273,JAR63,PLUMERO DE PLUMAS,,0,0.0000,0.0000,0.0000,16 %,MXN,0,0,2,0.0000,Tasa,Pieza,JARCIERIA,,,,No,47121801,H87,
cdf49742-744a-483b-91a0-5cfff89e74bc,1274,JAR64,PLUMERO MICROFIBRA EXTENCION  COPAR,,0,0.0000,0.0000,32.0000,16 %,MXN,0,0,2,0.0000,Tasa,Pieza,JARCIERIA,,,,No,47121801,H87,
75997431-526d-4760-8238-8020833c1642,1514,CL-78,"PLUSGEL SUSPENSION, FRASCO 360 ML",,0,0.0000,0.0000,44.2000,0 %,MXN,0,0,2,0.0000,Tasa,PZA,,,,,No,1010101,H87,
8f72e19a-3a4d-478b-8d4e-62c7b83077d7,1275,POZZ,POIZZ (22KG),,0,0.0000,0.0000,239.0000,16 %,MXN,1,0,2,0.0000,Tasa,Kilogramo,MATERIA PRIMA,,,,Si,1010101,KGM,
533d6d38-f3f4-4be1-ad6a-cda35893b84a,1276,PORR,PORRON DE 20LT,,0,0.0000,0.0000,18.0000,16 %,MXN,0,0,2,0.0000,Tasa,Pieza,ENVASE,,,,No,24112110,H87,
5368d3d2-4e59-461e-9e3e-77ae9dcbda15,1460,VE-P10,PORTA OBJETOS BORDES CORTADOS 26X76 MM. VELAB,,0,0.0000,0.0000,20.5200,16 %,MXN,0,0,2,0.0000,Tasa,PZA,,,,,No,1010101,H87,
a6a377d9-da5e-49b0-b477-d7ba342435ed,1458,VE-P10,PORTA OBJETOS BORDES CORTADOS 26X76 MM. VELAB,,0,0.0000,0.0000,20.5200,16 %,MXN,0,0,2,0.0000,Tasa,PZA,,,,,No,1010101,H87,
05c85ae4-394b-43a2-9b5b-df6b60a06b4e,1510,VE-P20,PORTA OBJETOS BORDES PULIDOS 26X76XMM. VELAB,,0,0.0000,0.0000,22.2300,16 %,MXN,0,0,2,0.0000,Tasa,PZA,,,,,No,1010101,H87,
f59a47c1-88f1-423a-8967-7da22e682b5b,1560,2035-500,"POTASIO FERRICIANURO CRISTALES A.C.S., 500 G. MEYER",,0,0.0000,0.0000,970.8000,16 %,MXN,0,0,2,0.0000,Tasa,PZA,,,,,No,1010101,H87,
141b397c-f72e-493f-ab6b-9c123b8e6a96,1277,QUI71,PRODUCTOS ALEX 750 ML,,0,0.0000,0.0000,71.0000,16 %,MXN,0,0,2,0.0000,Tasa,Pieza,QUIMICOS,,,,No,12181600,H87,
8e3c6e4a-64b9-4f1b-9eb7-8f78b7970099,1278,COVID,PRUEBA R�PIDA COVID19,,0,0.0000,0.0000,420.0000,16 %,MXN,0,0,2,0.0000,Tasa,Pieza,REACTIVO,,,,No,12161500,H87,
371cc718-2bfc-47ac-b1a6-7c28cbcc85b2,1567,EPPEN69840,"PUNTA P/PIPETA DE 20 A 300 ul. CON FILTRO, CAJA CON 960 PIEZAS, ESTERIL, 0030077563 ACTUAL 0030078560. EPPENDORF",,0,0.0000,0.0000,6780.2300,16 %,MXN,0,0,2,0.0000,Tasa,PZA,,,,,No,1010101,H87,
a6450e6f-3f18-4808-b194-e7f7e5b02853,1565,2167-5,"PURPURA DE BROMOCRESOL  PH  5.2 - 6.8.  A.C.S., 5 G. MEYER",,0,0.0000,0.0000,278.4000,16 %,MXN,0,0,2,0.0000,Tasa,PZA,,,,,No,1010101,H87,
c631cd25-fabb-4368-bcd6-0ec0540de891,1279,QUI72,QUIMICOS SOBRE PEDIDO,,0,0.0000,0.0000,83.7900,16 %,MXN,0,0,2,0.0000,Tasa,Pieza,QUIMICOS,,,,No,41121800,H87,
d1174579-1e6b-4e41-ac61-64f6c26d5e57,1280,QUI73,QUITACOCHAMBRE LIQUIDO ,,0,0.0000,0.0000,9.0000,16 %,MXN,0,0,2,0.0000,Tasa,Litro,QUIMICOS,,,,No,47131800,LTR,
624b8cd2-34dc-43e6-9c62-f9408dcac8d9,1636,RAFIA,RAFIA BLANCA CALIBRE 3 BOBINA 1 KG,,0,0.0000,0.0000,53.0000,16 %,MXN,0,0,2,0.0000,Tasa,PIEZA,,,,RAFIA BLANCA CALIBRE 3 BOBINA 1 KG,No,31151516,H87,
53b601ae-1239-4479-947b-7b725813a6eb,1549,HI701-25,"REACTIVOS PARA CLORO LIBRE, METODO DPD, PARA 25 PRUEBAS. HANNA",,0,0.0000,0.0000,162.2860,16 %,MXN,0,0,2,0.0000,Tasa,PZA,,,,,No,1010101,H87,
393eaa3f-ebf1-4b3b-ad9e-ed0644dea8b0,1281,JAR65,RECOGEDOR DE CARACTERISTICAS ESPECIALES DE OTRAS MARCAS,,0,0.0000,0.0000,0.0000,16 %,MXN,0,0,2,0.0000,Tasa,Pieza,JARCIERIA,,,,No,47131611,H87,
e5c74b14-1aaf-44b6-8f79-d589599258ba,1283,JAR67,RECOGEDOR DE LAMINA,,0,0.0000,0.0000,24.9990,16 %,MXN,0,0,2,0.0000,Tasa,Pieza,JARCIERIA,,,,No,47131611,H87,
57b6f300-fbc1-4b3c-b273-2a8a35540ad4,1282,JAR66,RECOGEDOR DE PLASTICO,,0,0.0000,0.0000,-38.7350,16 %,MXN,0,0,2,0.0000,Tasa,Pieza,JARCIERIA,,,,No,47131611,H87,
93a6d823-29bd-4399-a0f3-c603d012b621,1577,RE-01,RECOLECTOR ORINA AMBAR 24 HORAS 3 LITROS PLASTIC WORLD,,0,0.0000,0.0000,25.5520,16 %,MXN,0,0,2,0.0000,Tasa,PZA,,,,,No,1010101,H87,
549e3703-764f-41e6-bcbf-18882b173a17,1643,RF,REFACCIONES,,0,0.0000,0.0000,1744.0000,16 %,MXN,0,0,2,0.0000,Tasa,PZ,REFACCIONES,,,,No,1010101,H87,
daa23d6a-4e04-4ddb-b7e3-a3849cbcbb7f,1648,REFUSD,REFACCIONES USD,,0,0.0000,0.0000,1.0000,16 %,USD,0,0,3,0.0000,Tasa,PIEZA,,,,,No,1010101,H87,
1fde17cd-39b7-4826-91cf-79ea2cbf9ab7,1284,QUI74,REPUESTO  DE AROMATIZANTE EN AEROSOL AIRWICK,,0,0.0000,0.0000,164.8480,16 %,MXN,0,0,2,0.0000,Tasa,Pieza,QUIMICOS,,,,No,12161803,H87,
d1243900-b179-46ec-a871-e51faccdb794,1285,JAR68,REPUESTO DE TRAPEADOR CON PABILO DE TIRAS DE ALGODON 500 GR TWISTER,,0,0.0000,0.0000,57.2320,16 %,MXN,0,0,2,0.0000,Tasa,Pieza,JARCIERIA,,,,No,47131600,H87,
f25722a5-8a5f-403d-9471-2067ee17c0b3,1286,JAR69,REPUESTO DE TRAPEADOR DE ALTA ABSORCION,,0,0.0000,0.0000,22.9540,16 %,MXN,0,0,2,0.0000,Tasa,Pieza,JARCIERIA,,,,No,47131600,H87,
c7ccd677-28f1-4b92-871b-8e11dfc68cb4,1287,JAR70,REPUESTO ECONOMICO P/ATOMIZADOR (pistola) ,,0,0.0000,0.0000,5.6450,16 %,MXN,2,0,2,0.0000,Tasa,Pieza,JARCIERIA,,,,No,40141742,H87,
fd8b7923-d3be-4267-a387-451b38891e4a,1288,JAR71,REPUESTO INDUSTRIAL P/ATOMIZADOR (pistola),,0,0.0000,0.0000,12.5140,16 %,MXN,2,0,2,0.0000,Tasa,Pieza,JARCIERIA,,,,No,40141742,H87,
a3763937-544e-42ea-b96d-4abc27d2e6a4,1289,QUI75,REPUESTO SHAMPOO EN ESPUMA PARA MANOS ENRICHED 1100ML,,0,0.0000,0.0000,210.6400,16 %,MXN,0,0,2,0.0000,Tasa,Pieza,QUIMICOS,,,,No,53131608,H87,
619dec87-d929-4899-909d-c9b030d0ab4d,1290,JAR72,ROLLO DE BOLSA TRANSPARENTE PARA BASURA,,0,0.0000,0.0000,82.6220,16 %,MXN,0,0,2,0.0000,Tasa,Pieza,JARCIERIA,,,,No,24111503,H87,
e9fbc519-4ab7-4b85-8bb3-3916dbdbbb23,1553,ALKMOD400,ROLLO DE PAPEL ALUMINIO MODELO 400 ALUKING´S CAJA/4 PZAS,,0,0.0000,0.0000,708.6200,16 %,MXN,0,0,2,0.0000,Tasa,PZA,,,,,No,1010101,H87,
6629cd1b-7e38-4b7c-9ab9-ec7a0efd35ef,1424,GB-63520-125,"SAFRANINA, SOLUCIÓN COLORANTE 125 ML. GOLDEN BELL",,0,0.0000,0.0000,36.5400,16 %,MXN,0,0,2,0.0000,Tasa,PZA,,,,,No,1010101,H87,
cbf7c317-d603-4c56-8dd4-1b355af32ab7,1245,QUI64,SARRICIDA,,0,0.0000,0.0000,1.0000,16 %,MXN,0,0,2,0.0000,Tasa,Litro,QUIMICOS,,,,No,47131800,LTR,
3358db0b-cfe8-4e0e-926e-03b598a03dc2,1612,1,SERVICIOS DE VEHICULOS,,0,0.0000,0.0000,6243.1050,16 %,MXN,0,0,2,0.0000,Tasa,PZA,,,,,No,1010101,H87,
9d6ae0f0-0211-4223-902a-f558a3618a85,1293,QUI76,SHAMPOO PARA MANOS ALMENDRA,,0,0.0000,0.0000,0.0000,16 %,MXN,0,0,2,0.0000,Tasa,Litro,QUIMICOS,,,,No,53131608,LTR,
f0b6d4ce-fc1d-4f74-a54a-4afb39b8fcfc,1294,QUI77,SHAMPOO PARA MANOS COCO,,0,0.0000,0.0000,0.0000,16 %,MXN,0,0,2,0.0000,Tasa,Litro,QUIMICOS,,,,No,53131608,LTR,
d7b46c1e-6470-489a-92d0-9369295b2182,1295,QUI78,SHAMPOO PARA MANOS DURAZNO,,0,0.0000,0.0000,-0.4060,16 %,MXN,0,0,2,0.0000,Tasa,Litro,QUIMICOS,,,,No,53131608,LTR,
442be022-face-4352-b54a-7face802c7ba,1296,QUI79,SHAMPOO PARA MANOS HERBAL,,0,0.0000,0.0000,0.0000,16 %,MXN,0,0,2,0.0000,Tasa,Litro,QUIMICOS,,,,No,53131608,LTR,
4f9fd3ee-4f30-4f79-a99d-a4f8c1f833f2,1634,EPP7,SOBRELENTE,,0,0.0000,0.0000,33.6000,16 %,MXN,0,0,2,0.0000,Tasa,PIEZA,,,,SOBRELENTE PARA LENTES GRADUADOS,No,31211903,H87,
784e3e1e-76a5-4ce0-b04d-067570a521de,1516,239305-25ML,"Sodium hypochlorite solution reagent grade, available chlorine 4.00-4.99 %, 25 ml. Sigma Aldrich",,0,0.0000,0.0000,1142.6600,16 %,MXN,0,0,2,0.0000,Tasa,PZA,,,,,No,1010101,H87,
f77e4b14-510a-40f3-9c0e-aad4d20c5855,1573,HI5300-12,"SOLUCION DE ALMACENAMIENTO DE ELECTRODOS, 120 ML. HANNA",,0,0.0000,0.0000,218.4000,16 %,MXN,0,0,2,0.0000,Tasa,PZA,,,,,No,1010101,H87,
32ea57db-925f-4f12-b9f4-fda61976e3a4,1572,HI83540-51,"SOLUCION DE LIMPIEZA DE ELECTRODOS, 230 ML. HANNA",,0,0.0000,0.0000,672.0000,16 %,MXN,0,0,2,0.0000,Tasa,PZA,,,,,No,1010101,H87,
c02231a9-1260-4b4c-ae45-b5d0ad412366,1500,DENTAL,"SOLUCION FIJADORA, 1 L. CARESTREAM",,0,0.0000,0.0000,246.5517,16 %,MXN,0,0,2,0.0000,Tasa,PZA,,,,,No,1010101,H87,
d67d7d84-cd11-4cfc-917e-23e5da05f93e,1501,DENTAL,"SOLUCION REVELADORA, 1 L. CARESTREAM",,0,0.0000,0.0000,283.1900,16 %,MXN,0,0,2,0.0000,Tasa,PZA,,,,,No,1010101,H87,
1f370007-3e73-48c5-a769-c7890f6fb36d,1522,1094071000,"Solución tampón ácido bórico/potasio cloruro/ sodio hidróxido), trazable a SRM de NIST y PTB pH 7.00 (25°C) Certipur, 1 L. Merck",,0,0.0000,0.0000,801.2200,16 %,MXN,0,0,2,0.0000,Tasa,PZA,,,,,No,1010101,H87,
2c7d6153-b549-41f8-953b-f3d1bb58fbf4,1528,940909,SOLUCION TISAB II P/FLUORURO ISE 1GAL ORION,,0,0.0000,0.0000,3650.0000,16 %,MXN,0,0,2,0.0000,Tasa,PZA,,,,,No,1010101,H87,
0aa87eda-f4c4-4031-bbfe-b2b999b01215,1519,S1626-100G,"Sorbic acid ≥99.0%, 100 g. Sigma Aldrich",,0,0.0000,0.0000,938.9700,16 %,MXN,0,0,2,0.0000,Tasa,PZA,,,,,No,1010101,H87,
43aff36a-3ba5-4359-a811-cf09b979bcaf,1297,QUI80,SOSA LIQUIDA,,0,0.0000,0.0000,10.5020,16 %,MXN,2,0,2,0.0000,Tasa,Kilogramo,QUIMICOS,,,,No,12352316,KGM,
647d0081-bbb9-4af4-833d-e995af3aa1aa,1419,GB-63570-60,"STERNHEIMER-MALBIN, SOL. COLORANTE 60 ML. GOLDEN BELL",,0,0.0000,0.0000,16.8200,16 %,MXN,0,0,2,0.0000,Tasa,PZA,,,,,No,1010101,H87,
b6caafee-1060-4fca-a1a7-3580f7f0e83b,1298,QUI81,SUAVISENSE,,0,0.0000,0.0000,0.0000,16 %,MXN,0,0,2,0.0000,Tasa,Litro,QUIMICOS,,,,No,41104211,LTR,
af57c0c3-8e0e-4a38-919c-5a8a8bba8f64,1647,SUP,SUPLEMENTOS ALIMENTICIOS,,0,0.0000,0.0000,1.0000,16 %,MXN,0,0,2,0.0000,Tasa,PIEZA,,,,SUPLEMENTOS ALIMENTICIOS,No,31231400,H87,
95dc47dd-c6a7-4ebb-a220-053df9cdef16,1299,QUI82,SWIPOL DESINFECTANTE CONCENTRADO BASE CUATERNARIOS DE AMONIO,,0,0.0000,0.0000,94.7400,16 %,MXN,0,0,2,0.0000,Tasa,Litro,QUIMICOS,,,,No,47131800,LTR,
bfcc5701-9795-4ffb-8a83-ad17b888893a,1300,EPP27,TALONERA ANTIESTATICA HM4,,0,0.0000,0.0000,60.0000,16 %,MXN,0,0,2,0.0000,Tasa,Pieza,EPP,,,,No,31211903,H87,
be882bf3-fd57-413c-9ef3-f9d1063e2613,1301,JAR75,TAPETE PARA MIGITORIO ANTISALPICADURA,,0,0.0000,0.0000,63.8700,16 %,MXN,0,0,2,0.0000,Tasa,Pieza,JARCIERIA,,,,No,47131800,H87,
3994d01c-699e-4d04-b6f9-463b400ce7cc,1302,JAR76,TAPETE PARA MINGITORIO C/ PASTILLA,,0,0.0000,0.0000,22.9520,16 %,MXN,0,0,2,0.0000,Tasa,Pieza,JARCIERIA,,,,No,47131800,H87,
40ee5e1a-bdf0-4fde-980f-d9bea2e553c0,1303,JAR77,TAPETE PARA MINGITORIO SIN PASTILLA,,0,0.0000,0.0000,20.1000,16 %,MXN,0,0,2,0.0000,Tasa,Pieza,JARCIERIA,,,,No,47131800,H87,
0fa96881-6a58-4057-a481-6be41356d580,1304,EPP8,TAPON AUDITIVO REHUSABLE,,0,0.0000,0.0000,4.7890,16 %,MXN,0,0,2,0.0000,Tasa,Par,EPP,,,,No,31211903,PR,
28a80a83-410e-4139-995a-c597ba816371,1305,EQ11,TERMOMETRO DIGITAL INFRARROJO,,0,0.0000,0.0000,1552.0000,16 %,MXN,0,0,2,0.0000,Tasa,Pieza,EQUIPO,,,,No,41112224,H87,
5dc2283c-6dd5-4e4a-9d85-d902f36cbef5,1306,QUI83,THINNER,,0,0.0000,0.0000,0.0000,16 %,MXN,0,0,2,0.0000,Tasa,Litro,QUIMICOS,,,,No,47131820,LTR,
4b1d14b6-3931-422e-95ac-0f06a07ab5e5,1408,1095330001,"TIRAS INDICADORAS DE PH, RNAGO DE 5.0 A 10.0, VIAL CON 100 PIEZAS.",,0,0.0000,0.0000,407.0000,16 %,MXN,0,0,2,0.0000,Tasa,PZA,,,,,No,1010101,H87,
e0ef1960-94d0-4718-9076-8b20726beb91,1416,MCUR,"TIRAS REACTIVAS PARA GLUCOSA, CON 50 PIEZAS. ACCU CHEK ACTIVE",,0,0.0000,0.0000,221.0689,16 %,MXN,0,0,2,0.0000,Tasa,PZA,,,,,No,1010101,H87,
d12a2049-95f8-4103-a9cb-3bad48689ff5,1409,MCUR,"TIRAS REACTIVAS PARA GLUCOSA, CON 50 PIEZAS. ACCU CHEK PERFORMA",,0,0.0000,0.0000,269.4896,16 %,MXN,0,0,2,0.0000,Tasa,PZA,,,,,No,1010101,H87,
6507bb86-0a34-4e67-8e2f-c29b8413f751,1307,HIG27,TOALLA DALITAS INTERDOBLADA 20/100,,0,0.0000,0.0000,-27927.2760,16 %,MXN,0,0,2,0.0000,Tasa,Caja,HIGIENICOS,,,,No,14111703,XBX,
0ea09838-9c4a-4bdd-b045-d8e7098f9e6d,1637,TO,TOALLA DE PAPEL OTRAS ESPECIFICACIONES,,0,0.0000,0.0000,176.5630,16 %,MXN,0,0,2,0.0000,Tasa,PIEZA,,,,TOALLA DE PAPEL OTRAS ESPECIFICACIONES,No,14111703,H87,
9bc9b6df-4aac-45bb-8745-8d3102edeb26,1339,HIG,TOALLA EN ROLLO ELITE BLANCA 6/180,,0,0.0000,0.0000,346.0000,16 %,MXN,0,0,2,0.0000,Tasa,PZA,,,,,No,1010101,H87,
0a072970-bbf5-4869-bd6f-dced0c42c145,1308,HIG19,TOALLA EN ROLLO FAPSA  BLANCA 6 PZAS 180 MTS,,0,0.0000,0.0000,289.6000,16 %,MXN,0,0,2,0.0000,Tasa,Caja,HIGIENICOS,,,,No,14111703,XBX,
adc5db70-427c-4398-aa01-d9ec5457c3ed,1309,QUI84,TOALLA EN ROLLO FAPSA ECO 160  6/160 MTS,,0,0.0000,0.0000,0.0000,16 %,MXN,0,0,2,0.0000,Tasa,Caja,QUIMICOS,,,,No,14111703,XBX,
307b6999-e6c8-4543-877e-b055e4673389,1606,k180,TOALLA EN ROLLO KRAFT DALIA K180,,0,0.0000,0.0000,302.3000,16 %,MXN,0,0,2,0.0000,Tasa,PZA,,,,,No,1010101,H87,
ef984087-0eec-400c-bdac-49feb8b1c8bf,1310,HIG20,"TOALLA EN ROLLO KRAFT FAPSA TR03610,160 MTS",,0,0.0000,0.0000,291.2000,16 %,MXN,0,0,2,0.0000,Tasa,Caja,HIGIENICOS,,,,No,14111703,XBX,
ccc18d38-c49a-475d-ad61-b08cdc32d301,1311,HIG2,TOALLA EN ROLLO MARLI 180 M C/6,,0,0.0000,0.0000,376.5600,16 %,MXN,0,0,2,0.0000,Tasa,Caja,HIGIENICOS,,,,No,14111703,XBX,
8f484b98-7499-4033-9156-294367922895,1312,HIG28,TOALLA INTERDO FAPSA TI2250 8/250 PSF,,0,0.0000,0.0000,200.0000,16 %,MXN,0,0,2,0.0000,Tasa,Caja,HIGIENICOS,,,TOALLA INTERDO FAPSA TI2250 8/250 PSF,No,14111703,XBX,
c1573f69-40e5-42b8-a83f-e922fe5a65ff,1313,HIG3,TOALLA INTERDOBLADA SANITAS,,0,0.0000,0.0000,250.3000,16 %,MXN,0,0,2,0.0000,Tasa,Caja,HIGIENICOS,,,,No,14111703,XBX,
13665760-36ea-492e-bb10-fdfe5c3d997c,1292,JAR74,TOALLA MICROFIBRA 40 CM x 40 CM,,0,0.0000,0.0000,6.7060,16 %,MXN,0,0,2,0.0000,Tasa,Pieza,JARCIERIA,,,,No,11151500,H87,
34c8902d-4a9f-48ec-90f4-07b305b6d9c0,1314,FER7,TOALLA USO RUDO SCOTT SHOP ORIGINAL ,,0,0.0000,0.0000,36.5900,16 %,MXN,0,0,2,0.0000,Tasa,Pieza,FERRETERIA,,,,No,14111703,H87,
1899ebe1-2988-4980-8b9c-9652781845d8,1592,ZEYTOP,"TOPICAINA GEL, TARRO DE 30 G. ZEYCO",,0,0.0000,0.0000,81.0000,0 %,MXN,0,0,2,0.0000,Tasa,PZA,,,,,No,1010101,H87,
57e441b0-f009-46db-bf2f-3fa7874a1a2b,1317,JAR78,TRAPEADOR DE ALGODON DE 500 GR,,0,0.0000,0.0000,27.9980,16 %,MXN,0,0,2,0.0000,Tasa,Pieza,JARCIERIA,,,,No,47131600,H87,
247fb465-a0f7-4405-9eb7-28ee1add2b93,1318,JAR79,TRAPEADOR DE ALGODON GRANDE,,0,0.0000,0.0000,36.9892,16 %,MXN,0,0,2,0.0000,Tasa,Pieza,JARCIERIA,,,,No,47131600,H87,
0042830e-eb9f-4796-ab20-03061c6805c0,1319,JAR80,TRAPEADOR DE MAGITEL CON BASTON DE MADERA,,0,0.0000,0.0000,25.5000,16 %,MXN,0,0,2,0.0000,Tasa,Pieza,JARCIERIA,,,,No,47131600,H87,
04d1f91c-b12a-4f5d-a0f8-8e524f6836ea,1320,JAR81,TRAPEADOR HILAZA 450 G INDUSTRIAL DE USO RUDO,,0,0.0000,0.0000,29.9650,16 %,MXN,0,0,2,0.0000,Tasa,Pieza,JARCIERIA,,,,No,47131600,H87,
0bae1ec9-d041-4c24-bb3b-2cad075b3817,1321,JAR82,TRAPEADOR MICROFIBRA,,0,0.0000,0.0000,44.0000,16 %,MXN,0,0,2,0.0000,Tasa,Pieza,JARCIERIA,,,,No,47131600,H87,
d1008b41-2218-4f62-8a9e-e9682e87cbd8,1322,JAR83,TRAPO INDUSTRIAL,,0,0.0000,0.0000,25.9999,16 %,MXN,0,0,2,0.0000,Tasa,Kilogramo,JARCIERIA,,,,No,47131501,KGM,
f28fcda9-e5ac-41ee-82b4-595f2ffa17d0,1335,TRICLORO,TRICLORO 90% GRANULADO CUÑETE DE 50 KG,,0,0.0000,0.0000,1791.5000,16 %,MXN,0,0,2,0.0000,Tasa,PZA,,,,,No,1010101,H87,
d824b3a0-378b-4731-ab9d-ae13a7174a5a,1323,TRICLOSAN,TRICLOSAN,,0,0.0000,0.0000,956.1000,16 %,MXN,1,0,2,0.0000,Tasa,Kilogramo,MATERIA PRIMA,,,,Si,1010101,KGM,
6a63b45f-43a2-442b-8823-891f7cf9d9ef,1325,STP,TRIFOSFATO DE SODIO STP,,0,0.0000,0.0000,52.5900,16 %,MXN,1,0,2,0.0000,Tasa,Kilogramo,MATERIA PRIMA,,,,Si,1010101,KGM,
a808dc7c-6f24-4cd7-adcb-e6aa7c33c91d,1574,2645-25,"TRIPTOFANO (L), REACTIVO, 25G. MEYER",,0,0.0000,0.0000,303.6000,16 %,MXN,0,0,2,0.0000,Tasa,PZA,,,,,No,1010101,H87,
af3e8701-bc72-47a3-a761-2f4a38417afe,1489,SR-04,TROCILETAS B TABS LIMON C/10,,0,0.0000,0.0000,21.5000,0 %,MXN,0,0,2,0.0000,Tasa,PZA,,,,,No,1010101,H87,
315c1ef1-46e8-4bed-823b-ac2b97118efc,1441,TUB,TUBOS Y CONTENEDORES,,0,0.0000,0.0000,1699.0830,16 %,MXN,0,0,2,0.0000,Tasa,PZA,,,,,No,1010101,H87,
bb31c8bf-624d-4cef-8e1a-05fcf5eea715,1326,TWEEN,TWEEN 20,,0,0.0000,0.0000,75.1100,16 %,MXN,1,0,2,0.0000,Tasa,Litro,MATERIA PRIMA,,,,Si,1010101,LTR,
1de5a6a8-5c1b-49e8-8e0c-ccb93488ff4a,1530,UNI,UNIFORME,,0,0.0000,0.0000,158.2350,16 %,MXN,0,0,2,0.0000,Tasa,PZA,,,,,No,1010101,H87,
b8ac354a-8fc7-4a3e-982b-ccc0822ea9a7,1327,UREA,UREA,,0,0.0000,0.0000,10.8000,16 %,MXN,2,0,2,0.0000,Tasa,Kilogramo,MATERIA PRIMA,,,,Si,51191602,KGM,
877353d8-b978-4687-8d5b-aad3fe47b85b,1328,QUI87,VACUSUD SHAMPOO TAPICERÍA,,0,0.0000,0.0000,142.0000,16 %,MXN,0,0,2,0.0000,Tasa,Litro,QUIMICOS,,,,No,47131800,LTR,
219d32f7-0b6c-4933-a795-560d08692e07,1329,EQ-07,VALVULA PARA PORRON,,0,0.0000,0.0000,110.0000,16 %,MXN,0,0,2,0.0000,Tasa,Pieza,EQUIPO,,,,No,24112600,H87,
2037ca6f-b725-4234-ab91-cd5991185a68,1618,VAL,VALVULAS,,0,0.0000,0.0000,691.0000,16 %,MXN,0,0,2,0.0000,Tasa,PIEZA,,,,VALVULA,No,31162800,H87,
c6decacc-bbdf-4a7f-8386-3cd6bad9d0cb,1582,KX-14000-100,VASO DE PRECIPITADO FORMA BAJA 100 ML. KIMAX,,0,0.0000,0.0000,51.4000,16 %,MXN,0,0,2,0.0000,Tasa,PZA,,,,,No,1010101,H87,
643c1766-681e-4355-8d40-fef13bce7a1e,1583,KX-14000-250,VASO DE PRECIPITADO FORMA BAJA 250 ML. KIMAX,,0,0.0000,0.0000,68.9000,16 %,MXN,0,0,2,0.0000,Tasa,PZA,,,,,No,1010101,H87,
3ea6ba7b-37ed-4c8d-b398-bececcd0f0cc,1581,KX-14000-50,VASO DE PRECIPITADO FORMA BAJA 50 ML. KIMAX,,0,0.0000,0.0000,48.6000,16 %,MXN,0,0,2,0.0000,Tasa,PZA,,,,,No,1010101,H87,
fedc6a8a-0a53-426c-989f-58f58965ae49,1584,KX-14000-600,VASO DE PRECIPITADO FORMA BAJA 600 ML. KIMAX,,0,0.0000,0.0000,99.1800,16 %,MXN,0,0,2,0.0000,Tasa,PZA,,,,,No,1010101,H87,
f74814d1-25ac-43e8-aedb-356ea7404d83,1330,VA-01,"VASO RECOLECTOR ,CILINDRO ESTERIL 100 ML",,0,0.0000,0.0000,2.5000,16 %,MXN,0,0,2,0.0000,Tasa,Pieza,CLINICOS,,,,No,13101900,H87,
abaf128f-0d23-4164-8904-e720e051ed37,1399,MCUR,VENDA ELASTICA 5 CM QUIRMEX,,0,0.0000,0.0000,4.1700,16 %,MXN,0,0,2,0.0000,Tasa,PZA,,,,,No,1010101,H87,
c88a3d44-3978-41f1-a852-ee4490e1665a,1354,MCUR,VENDA ELASTICA KOHN 10 CM,,0,0.0000,0.0000,8.1000,16 %,MXN,0,0,2,0.0000,Tasa,PZA,,,,,No,1010101,H87,
923a66ec-79d8-4139-bf68-2fdf11d34fa3,1421,GB-63400-30,"VIOLETA DE GENCIANA PARA TINCION DE GRAM, 30 ML. GOLDEN BELL",,0,0.0000,0.0000,24.3600,16 %,MXN,0,0,2,0.0000,Tasa,PZA,,,,,No,1010101,H87,
03e47de6-6505-4c21-8e76-1a673e12ecc6,1524,3315932001,WATER PCR GRADE (25X1ML). Roche,,0,0.0000,0.0000,3814.0400,16 %,MXN,0,0,2,0.0000,Tasa,PZA,,,,,No,1010101,H87,
799812e5-c3c5-4bab-ae41-89bae0227eeb,1331,QUI88,WIESE AEROSOL 323G,,0,0.0000,0.0000,35.1140,16 %,MXN,0,0,2,0.0000,Tasa,Pieza,QUIMICOS,,,,No,12161803,H87,
a51d892d-eb56-4d12-9163-489537b7edac,1332,QUI89,WIESE REPUESTO DE AROMATIZANTE 180GR,,0,0.0000,0.0000,45.6790,16 %,MXN,0,0,2,0.0000,Tasa,Pieza,QUIMICOS,,,,No,12161803,H87,
f9594585-e730-4f19-b9eb-356b589b6f86,1418,GB-64000-1000,"WRIGHT, SOLUCION COLORANTE POLICROMA, 1 L. GOLDEN BELL",,0,0.0000,0.0000,152.2500,16 %,MXN,0,0,2,0.0000,Tasa,PZA,,,,,No,1010101,H87,
c501bc8f-8799-4b36-aa44-26bd77f05c03,1422,GB-80900-30,"YODO LUGOL CONCENTRDACION AL 5%, 30 ML. GOLDEN BELL",,0,0.0000,0.0000,36.5400,16 %,MXN,0,0,2,0.0000,Tasa,PZA,,,,,No,1010101,H87,
7ab85841-a9a6-4765-9da6-458870155c60,1362,724,"YODO PARA TINCION GRAM, 125 ML. HYCEL",,0,0.0000,0.0000,103.6000,16 %,MXN,0,0,2,0.0000,Tasa,PZA,,,,,No,1010101,H87,
7976272d-9ff6-4049-a7f5-9ec99952687c,1557,2755-500,"ZINC CLORURO ANHIDRO A.C.S., 500 G. MEYER",,0,0.0000,0.0000,1609.2000,16 %,MXN,0,0,2,0.0000,Tasa,PZA,,,,,No,1010101,H87,
