Categoria,Numero,RazonSocial,NombreComercial,RFC,Sucursal,Telefonos,Banco,Cuenta_CLABE,DiasDeCredito,MontoCredito,Comentarios,Email,Calle,NoExt,IntExt,Colonia,Localidad,CP,Ciudad,Estado,Pais
MEDICAMENTOS,1000,ABBOTT,ABBOTT,XAXX010101000,,,,,0,0.0000,,,,,,,,,,,
MAT CURACION,1001,ACCU-CHEK,ACCU-CHEK,XAXX010101000,,,,,0,0.0000,,,,,,,,,,,
QUIMICOS,1204,AFM AGROS,AFM AGROS,AAG070412F46,,461 598 3267,,,0,0.0000,,,JOSE MANUEL HERRERA SUR,No. 84,,CENTRO,,60600,Apatzingán,Michoacán,México
QUIMICOS,1003,AGUA DESIONIZADA ECOPURA S DE RL DE CV,AGUA DESIONIZADA ECOPURA S DE RL DE CV,XAXX010101000,,,,,0,0.0000,,,,,,,,,,,
ABARROTES,1004,AGUSTIN MORALES,AGUSTIN MORALES,XAXX010101000,,,,,0,0.0000,,,,,,,,,,,
,1192,ALAN YAHIR PANTOJA( ELECTRICO),ALAN YAHIR PANTOJA( ELECTRICO),XAXX010101000,,,,,0,0.0000,,,,,,,,,,,
QUIMICOS,1005,ALCOHOLERA DEL CENTRO,ALCOHOLERA DEL CENTRO,XAXX010101000,,,,,0,0.0000,,,,,,,,,,,
,1195,ALEJANDRO SANCHEZ SANCHEZ,ALEJANDRO SANCHEZ SANCHEZ,SASA791016KP0,,,,,0,0.0000,,,,,,,,,,,
QUIMICOS,1006,ALFA &amp; OMEGA,ALFA &amp; OMEGA, ,,,,,0,0.0000,,,,,,,,,,,
REACTIVOS,1007,ALLOFAM COMERCIALIZADORA SA DE CV,ALLOFAM COMERCIALIZADORA SA DE CV,XAXX010101000,,,,,0,0.0000,,,,,,,,,,,
EPP,1008,ALYGER,ALYGER,XAXX010101000,,,,,0,0.0000,,,,,,,,,,,
VARIOS,1009,AMAZON,AMAZON,XAXX010101000,,,,,0,0.0000,,,,,,,,,,,
GUANTES,1010,AMERICAN HEALTHCARE PRODUCTS SA CV,AMERICAN HEALTHCARE PRODUCTS SA CV,XAXX010101000,,,,,0,0.0000,,,,,,,,,,,
COCINA,1011,ANFORAMA,ANFORAMA,XAXX010101000,,,,,0,0.0000,,,,,,,,,,,
QUIMICOS,1002,AQUALIFE,AQUALIFE,ALA090601AK8,,Jessica López 221 644 1342,,,0,0.0000,,ventas2@aqualifemexico.com,"Aeropuerto y Galeana, Fraccion 6",Lote 8,,Real de Huejotzingo,,74160,Huejotzingo,Puebla,México
QUIMICOS,1012,AROMATICOS Y QUIMICOS DEL CENTRO,AROMATICOS Y QUIMICOS DEL CENTRO,AOC000426AG6,,,,,0,0.0000,,,,,,,,,,,
EPP,1013,ARTICULOS MILITARES Y EQUIPOS DE SEGURIDAD,ARTICULOS MILITARES Y EQUIPOS DE SEGURIDAD,XAXX010101000,,,,,0,0.0000,,,,,,,,,,,
MAT LIMPIEZA,1218,ATICAN COMER,ATICAN COMER,ACO231115JN0,,,,,0,0.0000,,jarellmx@yahoo.com.mx,AURELIO LUIS GALLARDO,271,,LADRON DE GUEVARA,,46600,Guadalajara,Jalisco,México
REACTIVOS,1014,AUREA QUIMICA MEXICANA,AUREA QUIMICA MEXICANA,XAXX010101000,,,,,0,0.0000,,,,,,,,,,,
,1188,"AUTOMATIZACION, TECNOLOGIA Y CONTROL",ATC,ATC120605E70,,GERARDO MIRANDA 449 228 6184,,,0,0.0000,,msalazar@atcmx.com.mx,PLAZA MARABIS,LOCAL 5,,PARQUE INDUSTRIAL CASTRO DEL RÍO,IRAPUATO,36814,Irapuato,Guanajuato,México
,1207,AUTOPARTES AMERICA,AUTOPARTES AMERICA,XAXX010101000,,,,,0,0.0000,,,,,,,,,,,
MAT LIMPIEZA,1015,BASICOS,BASICOS,XAXX010101000,,,,,0,0.0000,,,,,,,,,,,
PINTURA,1016,BEREL IRAPUATO,BEREL IRAPUATO,XAXX010101000,,,,,0,0.0000,,,,,,,,,,,
MAT LIMPIEZA,1200,BEROKY,BEROKY,BER-821127U83,,FRANCISCO CABRERA 4771768931,Banorte,,0,0.0000,,claudia.najera@krafir.mx,Naultla,101,,Bellavista,Iztapalapa,09860,Iztapalapa,Ciudad de México,México
QUIMICOS,1017,BETA PROCESOS,BETA PROCESOS,XAXX010101000,,,,,0,0.0000,,,,,,,,,,,
EMPAQUE,1018,BOTELLO ,BOTELLO ,XAXX010101000,,,,,0,0.0000,,,,,,,,,,,
EMPAQUE,1019,CAJAS DE EMPAQUE TUCAN,CAJAS DE EMPAQUE TUCAN,XAXX010101000,,,,,0,0.0000,,,,,,,,,,,
EPP,1169,CALZADO DURAMAX,CALZADO DURAMAX,CID000419RC7,,,,,0,0.0000,,sandra.b@calzadoduramax.com,Av. 8 de Julio,2246,,Colon Industrial,,44940,Guadalajara,Jalisco,México
REACTIVOS,1020,CAPSALAB,CAPSALAB,XAXX010101000,,,,,0,0.0000,,,,,,,,,,,
EMPAQUE,1021,CENPLA,CENPLA,XAXX010101000,,,,,0,0.0000,,,,,,,,,,,
FERRETERIA,1023,CERCAS Y ESTRUCTURAS SA DE CV,CERCAS Y ESTRUCTURAS SA DE CV,XAXX010101000,,,,,0,0.0000,,,,,,,,,,,
,1197,CESAR RAMIREZ(SERVICIO MECANICO EXPRESS),CESAR RAMIREZ(SERVICIO MECANICO EXPRESS),RAPC711025S39,,,,,0,0.0000,,,,,,,,,,,
VARIOS,1177,CHRISTIAN JESUS MEJIA ROCHA,LONAS Y VELARIAS,MERC9810056R5,,477 260 6481,,,0,0.0000,,mejíagdo@hotmail.com,BLVD. ZODIACO,313,,LOMAS DE LA PISCINA,LEON,37440,León,Guanajuato,México
REACTIVOS,1024,COCISA,COCISA,XAXX010101000,,,,,0,0.0000,,,,,,,,,,,
VARIOS,1190,"COMERCIALIZADORA M Y CH, SA DE CV (GUAIDA)","COMERCIALIZADORA M Y CH, SA DE CV (GUAIDA)",CMC010702DU9,Matriz,4626260555,BBVA Bancomer,012222001322284913,0,0.0000,,guaida.irapuato@hotmail.com,LERDO DE TEJADA,270,,CENTRO,,36500,Irapuato,Guanajuato,México
,1215,CONPC,CONPC,XAXX010101000,,,,,0,0.0000,,,,,,,,,,,
PAPELERIA,1025,CONPC,CONPC,XAXX010101000,,,,,0,0.0000,,,,,,,,,,,
MAT LABORATORIO,1026,CONTRO TECNICO Y REPRESENTACIONES SA DE CV,CONTRO TECNICO Y REPRESENTACIONES SA DE CV,XAXX010101000,,,,,0,0.0000,,,,,,,,,,,
,1202,CONTROLES Y VALVULAS,CYVSA,CVA8605152X5,,Uriel Felipe Morales 56 2798 6176,BBVA Bancomer,,0,0.0000,,Uriel Felipe Morales Ledezma <umorales@cyvsa.com.mx>,PASEO DE LOS ESTUDIANTES,2261,,LAS CUMBRES 2 SECTOR,,64610,Monterrey,Nuevo León,México
JARCIERIA,1027,COPAR,COPAR,XAXX010101000,,,,,0,0.0000,,,,,,,,,,,
VARIOS,1028,COSTCO,COSTCO,XAXX010101000,,,,,0,0.0000,,,,,,,,,,,
PINTURA,1029,DANYVIC,DANYVIC,XAXX010101000,,,,,0,0.0000,,,,,,,,,,,
AIRE ACONDICIONADO,1171,DAVID CARMEN SANCHEZ NAVARRO,TODO CONFORT,SAND841214CY3,,2214097650,BBVA Bancomer,,0,0.0000,EFREN VALDEZ,,BLVD. BERNARDO QUINTANA,616,LOCAL 4,DESARROLLO SAN PABLO,,76125,Querétaro,Querétaro,México
MAT LIMPIEZA,1030,DECASA,DECASA,XAXX010101000,,,,,0,0.0000,,,,,,,,,,,
COCINA,1031,DECOARTE,DECOARTE,XAXX010101000,,,,,0,0.0000,,,,,,,,,,,
MAT CURACION,1032,DEGASA EXPRESS,DEGASA EXPRESS,XAXX010101000,,,,,0,0.0000,,,,,,,,,,,
FERRETERIA,1184,DEMSAMEX,DEMSAMEX,DEM050719QUA,,Ing. Luis Espada Celular (446) 142 97 01,,,0,0.0000,,luisespada@demsamex.com,ELOY CAVAZOS,1069,,PUESTA DEL SOL,Guadalupe,67174,Guadalupe,Nuevo León,México
MAT CURACION,1033,DENTAL GARDENT LEON,DENTAL GARDENT LEON,XAXX010101000,,,,,0,0.0000,,,,,,,,,,,
MAT CURACION,1034,DENTILAB SA DE CV,DENTILAB SA DE CV,XAXX010101000,,,,,0,0.0000,,,,,,,,,,,
MAT CURACION,1035,DENTIS DEPOT,DENTIS DEPOT,XAXX010101000,,,,,0,0.0000,,,,,,,,,,,
CREDITO,1036,DICOLOR,DICOLOR,XAXX010101000,,,,,21,0.0000,,,,,,,,,,,
CLINICOS,1037,DIKYSA,DIKYSA,XAXX010101000,,,,,0,0.0000,,,,,,,,,,,
QUIMICOS,1038,DISAROM,DISAROM,XAXX010101000,,,,,0,0.0000,,,,,,,,,,,
EMPAQUE,1039,DISECARTON,DISECARTON,XAXX010101000,,,,,0,0.0000,,,,,,,,,,,
,1201,DISPOSITIVOS DE CIERRE,ZETTER,DCI150409LF4,,KARINA VILLALOBOS 33 2158 6660,,,0,0.0000,,,CIPRES,1519,,DEL FRESNO 1RA SECCION,,44900,Guadalajara,Jalisco,México
,1219,DISTRIBUIDORA DE PRODUCTOS A BAJO PRECIO(ABEJITA),DISTRIBUIDORA DE PRODUCTOS A BAJO PRECIO(ABEJITA),XAXX010101000,,,,,0,0.0000,,,,,,,,,,,
QUIMICOS,1040,DOGO,DOGO,XAXX010101000,,,,,0,0.0000,,,,,,,,,,,
QUIMICOS,1041,DON PULCRO,DON PULCRO,XAXX010101000,,,,,0,0.0000,,,,,,,,,,,
MEDICAMENTOS,1042,DYM,DYM,XAXX010101000,,,,,0,0.0000,,,,,,,,,,,
BOLSA,1043,ECOBOLSA,ECOBOLSA,XAXX010101000,,,,,0,0.0000,,,,,,,,,,,
MAT LIMPIEZA,1044,ECODELI,ECODELI,XAXX010101000,,,,,30,0.0000,,,,,,,,,,,
MEDICAMENTOS,1045,ECONOFARMA,ECONOFARMA,XAXX010101000,,,,,0,0.0000,,,,,,,,,,,
JARCIERIA,1022,EFRAIN HERNANDEZ HERNANDEZ,CEPILLOS LA ESPERANZA,HEHE740506268,,(55) 57 71 43 15 / 57 60 76 79,,,0,0.0000,,ulloalaesperanza@gmail.com,Capricornio,49B,,Santa Clara,Izcalli,55238,Ecatepec de Morelos,México,México
MAT LIMPIEZA,1046,EL CASTOR,EL CASTOR,XAXX010101000,,,,,0,0.0000,,,,,,,,,,,
MAT LABORATORIO,1047,EL CRISOL,EL CRISOL,XAXX010101000,,,,,30,0.0000,,,,,,,,,,,
FERRETERIA,1048,EL GRAN TLAPALERO,EL GRAN TLAPALERO,XAXX010101000,,,,,0,0.0000,,,,,,,,,,,
FERRETERIA,1049,EL SURTIDOR,EL SURTIDOR,XAXX010101000,,,,,0,0.0000,,,,,,,,,,,
MAT LABORATORIO,1050,ELVEC S.A. DE C.V,ELVEC S.A. DE C.V,XAXX010101000,,,,,0,0.0000,,,,,,,,,,,
VARIOS,1210,EMI PLASTICOS INTERNACIONAL,EMI PLASTICOS,EPI121105IC3,,,,,0,0.0000,,Erika Maldonado <erikamaldonado@emicorp.com>,Ave. Industria De La Construcción,511,Bodega 5 a 7,"Parque Industrial Queretaro Sta. Rosa Jáuregui,",,76220,Querétaro,Querétaro,México
FERRETERIA,1187,EMPRESA MEXICANA DE MANUFACTURAS,EMMSA,EMM7507127Z2,,477 657 2050,,,0,0.0000,,,Camino a Conalep 101,101-1,,"Fracc. Cd., Industrial",LEON,37490,León,Guanajuato,México
VARIOS,1176,ENRIQUE GOMEZ SANCHEZ (MADERERIA MIL CUMBRES),ENRIQUE GOMEZ SANCHEZ (MADERERIA MIL CUMBRES),GOSE7405059L7,,"4626350148, 4622528577",BBVA Bancomer,012222001755088278,0,0.0000,,madereriamilcumbres@gmail.com,SOLIDARIDAD,13852,,EJIDO LO DE JUAREZ,,36821,Irapuato,Guanajuato,México
MAT LABORATORIO,1051,EQUIBA,EQUIBA,XAXX010101000,,,,,0,0.0000,,,,,,,,,,,
MEDICAMENTOS,1052,EQUILIBRIO FARMACEUTICO,EQUILIBRIO FARMACEUTICO,XAXX010101000,,,,,0,0.0000,,,,,,,,,,,
VARIOS,1209,ERAT SA DE CV,ERAT,ERA010911927,,,Banamex - Citibank,002680054748962528,0,0.0000,,erp@eratsa.com,Av. del Marques Águila P395,S/N,,Cumbres del Conín,,76240,El Marqués,Querétaro,México
ESTERILIZACION,1053,ESPECIALISTAS EN ESTERILIZACION Y ENVASE,ESPECIALISTAS EN ESTERILIZACION Y ENVASE,EEE830909BM4,,,,,0,0.0000,,,,,,,,,,,
FERRETERIA,1054,EUROELECTRICA,EUROELECTRICA,XAXX010101000,,,,,0,0.0000,,,,,,,,,,,
TAPETES,1055,EUZKOLA SA DE CV,EUZKOLA SA DE CV,XAXX010101000,,,,,0,0.0000,,,,,,,,,,,
,1196,EXTINTORES GAMA( JOSE GUADALUPE RAMIREZ VENEGAS,EXTINTORES GAMA( JOSE GUADALUPE RAMIREZ VENEGAS,XAXX010101000,,,,,0,0.0000,,,,,,,,,,,
QUIMICOS,1056,FABRICA DE JABON LA CORONA SA DE CV,FABRICA DE JABON LA CORONA SA DE CV,XAXX010101000,,,,,0,0.0000,,,,,,,,,,,
MEDICAMENTOS,1057,FANASA,FANASA,XAXX010101000,,,,,0,0.0000,,,,,,,,,,,
MEDICAMENTOS,1058,FARMACIA GI,FARMACIA GI,XAXX010101000,,,,,0,0.0000,,,,,,,,,,,
MEDICAMENTOS,1059,FARMACIA GUADALAJARA ,FARMACIA GUADALAJARA ,XAXX010101000,,,,,0,0.0000,,,,,,,,,,,
MEDICAMENTOS,1060,FARMACIAS DEL AHORRO,FARMACIAS DEL AHORRO,XAXX010101000,,,,,0,0.0000,,,,,,,,,,,
MEDICAMENTOS,1061,FARMAMIGO,FARMAMIGO,XAXX010101000,,,,,0,0.0000,,,,,,,,,,,
FERRETERIA,1062,FERRECENTRO,FERRECENTRO,XAXX010101000,,,,,0,0.0000,,,,,,,,,,,
FERRETERIA,1063,FERREMAG,FERREMAG,XAXX010101000,,,,,0,0.0000,,,,,,,,,,,
FERRETERIA,1064,FERREPAT,FERREPAT,XAXX010101000,,,,,0,0.0000,,,,,,,,,,,
FERRETERIA,1065,FERRETERIA MODELO DEL BAJIO,FERRETERIA MODELO DEL BAJIO,XAXX010101000,,,,,0,0.0000,,,,,,,,,,,
FERRETERIA,1066,FERRETODO DEL BAJIO,FERRETODO DEL BAJIO,XAXX010101000,,,,,0,0.0000,,,,,,,,,,,
FERRETERIA,1067,FERREX,FERREX,XAXX010101000,,,,,0,0.0000,,,,,,,,,,,
PINTURA,1068,FESTER,FESTER,XAXX010101000,,,,,0,0.0000,,,,,,,,,,,
,1205,FINSA(FERRETERA INDUSTRIAL DEL NORTE),FINSA(FERRETERA INDUSTRIAL DEL NORTE),XAXX010101000,,,,,0,0.0000,,,,,,,,,,,
FERRETERIA,1069,FIX FERRETERIAS ,FIX FERRETERIAS ,XAXX010101000,,,,,0,0.0000,,,,,,,,,,,
MEDICAMENTOS,1070,FUTUFARMA,FUTUFARMA,XAXX010101000,,,,,0,0.0000,,,,,,,,,,,
JARCIERIA,1213,GEMMA GEORGINA GARCIA RAMIREZ,PRODUCTOS GEMMA,GARG841114648,,,,,0,0.0000,,,VENECIA,300,,ROMA,,36525,Irapuato,Guanajuato,México
CALENTADORES,1071,GET GREEN DE MEXICO S DE RL DE CV,GET GREEN DE MEXICO S DE RL DE CV,GGM171211UI7,,,,,0,0.0000,,,,,,,,,,,
CLINICOS,1072,GH MEDIC,GH MEDIC,GME111003114,,,,,0,0.0000,,,,,,,,,,,
MAT LIMPIEZA,1073,GOBI,GOBI,XAXX010101000,,,,,0,0.0000,,,,,,,,,,,
CLINICOS,1074,GOLDEN VAC,GOLDEN VAC,XAXX010101000,,,,,0,0.0000,,,,,,,,,,,
FERRETERIA,1075,GRAINGER,GRAINGER,XAXX010101000,,,,,0,0.0000,,,,,,,,,,,
REACTIVOS,1216,GRUPO INTERDISCIPLINARIO DE INGENIERIA Y SERVICIOS,GRUPOIIS,GII110330FM9,,Fatima Martínez Mejía 55 66 23 66 53,Santander,,0,0.0000,,operaciones@grupoiis.com,HACIENDA SAN PEDRO,16,,SANTA ELENA,,52105,San Mateo Atenco,México,México
VARIOS,1076,HEB,HEB,XAXX010101000,,,,,0,0.0000,,,,,,,,,,,
FERRETERIA,1221,HECTOR ADRIAN GOMEZ VILLAGOMEZ,RESORTES Y REFACCIONES IRAPUATO,GOVH860415FX8,,462 199 3225,Banorte,,0,0.0000,,resortedelbajio@hotmail.com,MATAMOROS SUR,25,,SAN VICENTE,,36588,Irapuato,Guanajuato,México
VARIOS,1077,HOME DEPOT,HOME DEPOT,XAXX010101000,,,,,0,0.0000,,,,,,,,,,,
,1199,IKMAR GARRAFONES,IKMAR GARRAFONES,XAXX010101000,,,,,0,0.0000,,,,,,,,,,,
AIRE ACONDICIONADO,1203,IMPORTACIONES EPSILON,TRAIDENT,IEP200714I91,,ADALIZ CARDENAS 81 1277 9153,,,0,0.0000,(81) 2557-0355,ada.cardenas.pacheco@gmail.com,JOSE ISIDORO SEPULVEDA,703,,REGIO PARQUE INDUSTRIAL,,66633,Apodaca,Nuevo León,México
JARCIERIA,1174,INDUPLASTIC DE MEXICO SA DE CV,INDUPLASTIC,IME960408UPA,,Tel.- 5361-0907 ext. 240,,,0,0.0000,,cas@induplastic.com,Emiliano Zapata,92,,San Jerónimo Tepetlacalco,Tlanepantla,54090,Tlalnepantla de Baz,México,México
VARIOS,1167,"INDUSTRIAS ESGO, SA DE CV",ESGO,IES860227AXA,Matriz,5515462030,Banamex - Citibank,002180010509494070,0,0.0000,,ventas@esgo.com.mx,NARCISO MENDOZA,672,,SANTA MARIA AZTAHUACAN,,09570,,Ciudad de México,México
EPP,1078,INFRA,INFRA,XAXX010101000,,,,,0,0.0000,,,,,,,,,,,
MAT LABORATORIO,1079,INSULAB,INSULAB,XAXX010101000,,,,,0,0.0000,,,,,,,,,,,
QUIMICOS,1080,IRERI ANDESSI,IRERI ANDESSI,XAXX010101000,,,,,0,0.0000,,,,,,,,,,,
MAT LIMPIEZA,1081,ITALIMPIA,ITALIMPIA,XAXX010101000,,,,,0,0.0000,,,,,,,,,,,
JARCIERIA,1082,JARCERIA RAMIREZ,JARCERIA RAMIREZ,XAXX010101000,,,,,0,0.0000,,,,,,,,,,,
JARCIERIA,1083,JARCIERIA VALERIA,JARCIERIA VALERIA,XAXX010101000,,,,,15,0.0000,,,,,,,,,,,
DISPENSADORES,1084,JOFEL MEXICO,JOFEL MEXICO,XAXX010101000,,,,,0,0.0000,,,,,,,,,,,
MAT LIMPIEZA,1212,JUAN CARLOS CONEJO GARCIA,ABASTECEDORA INDUSTRIAL,COGJ681102BG8,,4622833202,,,0,0.0000,,,AV LAS AGUILAS,420,17,HACIENDA SAN MIGUELITO,,36690,Irapuato,Guanajuato,México
VARIOS,1220,JW WINCO MEXICO,JW WINCO,JWM18032I55,Matriz,Samuel Zamora,,,0,0.0000,,Samuel Zamora <szamora@jwwinco.mx>,SALTILLO-MONTERREY KM 61 DERECHO DE PASO,4200A,10,SANTA CATARINA,,66359,Santa Catarina,Nuevo León,México
REACTIVOS,1085,KABLA COMERCIAL,KABLA COMERCIAL,XAXX010101000,,,,,0,0.0000,,,,,,,,,,,
DISPENSADORES,1086,KEEP VALUE,KEEP VALUE,KVA1206218G5,,,,,0,0.0000,,,,,,,,,,,
,1211,KOPAR SA DE CV,KOPAR AUTOMATIZACION,KOP830924B84,,4423432186,,,0,0.0000,,alicea@kopar.com.mx,TOMAS ALBA EDISON,3116,,INDUSTRIAL,,3116,Monterrey,Nuevo León,México
JARCIERIA,1087,LA FRESA ,LA FRESA ,XAXX010101000,,,,,0,0.0000,,,,,,,,,,,
MAT CURACION,1149,LAURA CRISTINA VALLEJO GUANI,SUPROMED,VAGL8009127R6,,LAURA FABIOLA GUTIERREZ 477 176 25 08,,,30,0.0000,,contacto@supromed.mx,Montenegro,100,,Los Paraísos,,37328,León,Guanajuato,México
QUIMICOS,1088,LIMOQIB SA DE CV,LIMOQIB SA DE CV,XAXX010101000,,,,,0,0.0000,,,,,,,,,,,
MAT LIMPIEZA,1089,LIMPACT SA DE CV,LIMPACT SA DE CV,XAXX010101000,,,,,0,0.0000,,,,,,,,,,,
MAT LIMPIEZA,1090,LIMPRO,LIMPRO,XAXX010101000,,,,,0,0.0000,,,,,,,,,,,
MAT LIMPIEZA,1091,LIMSA,LIMSA,XAXX010101000,,,,,0,0.0000,,,,,,,,,,,
TAPETES,1092,LOGOTAP,LOGOTAP,XAXX010101000,,,,,0,0.0000,,,,,,,,,,,
MAT LIMPIEZA,1206,LSA COMERCIALIZADORA,LSA COMERCIALIZADORA,LCO170210F95,,JAVIER ARELLANO  33 3115 9690,Banorte,072320012863401458,0,0.0000,,jarellmx@yahoo.com.mx,: VIDRIO,2380,A,BARRERA,Guadalajara,44150,Guadalajara,Jalisco,México
MAT CURACION,1173,LUIS GUILLERMO GUERRA LOERA,DISTRIBUIDORA VENUS,GULL740925AL4,,55 6489 2619,,,0,0.0000,,,Fuente de Júpiter,58,B,Jardines de Morelos sección Fuentes,Ecatepec de Morelos,55070,Ecatepec de Morelos,México,México
BOTES,1093,MANUELA ESPINA GUILLEN (ESGO),MANUELA ESPINA GUILLEN (ESGO),EIGM-430328-F5A,,,,,0,0.0000,,,,,,,,,,,
UNIFORMES,1094,MAQUILAS VIDAL,MAQUILAS VIDAL,XAXX010101000,,,,,30,0.0000,,,,,,,,,,,
MAT CURACION,1172,MARIA DE LOS ANGELES NAVARRETE GARCIA,SUTURAMED,NAGA8212095C3,,MAYTE 55 9296 8093,,,0,0.0000,,,Privada Vistas del Pedregal,33,,Vistas de Ecatepec,,55064,Ecatepec de Morelos,México,México
MAT CURACION,1170,MARIA ELENA MORAN SEGOVIA,PYM IRAPUATO,MOSE591128N36,,4621499455,BBVA Bancomer,012215004826243972,0,0.0000,,pymirapuato@gmail.com,Juan José Torres Landa,135,,Álvaro Obregon,IRAPUATO,36530,Irapuato,Guanajuato,México
MAT CURACION,1168,MARIA ELENA MORAN SEGOVIA (PYM LEON),PYM LEON,MOSE591128N36,,4775926597,Banorte,072225000165755391,0,0.0000,,facturacionpym@outlook.es,Blvr. Mariano Escobedo Pte. 2903,Interior 3,,oriental,,37510,León,Guanajuato,México
MAT LIMPIEZA,1095,MARIA VERONICA DOMINGUEZ LOPEZ (LIMPIADORES),MARIA VERONICA DOMINGUEZ LOPEZ (LIMPIADORES),XAXX010101000,,,,,0,0.0000,,,,,,,,,,,
VARIOS,1217,MARTIN ANTONIO RAMIREZ RIOS,ESTUDIO CREATIVO IRAPUATO,RARM860327M35,,4626004574,,,0,0.0000,,,Lázaro Cárdenas,610,,Las Palomas,,36690,Irapuato,Guanajuato,México
DESECHABLES,1096,MARY ANN,MARY ANN,XAXX010101000,,,,,0,0.0000,,,,,,,,,,,
FERRETERIA,1097,MATERIALES ELECTRICOS EMSA SA DE CV,MATERIALES ELECTRICOS EMSA SA DE CV,XAXX010101000,,,,,0,0.0000,,,,,,,,,,,
FERRETERIA,1098,MATERIALES GUTIERREZ,MATERIALES GUTIERREZ,XAXX010101000,,,,,0,0.0000,,,,,,,,,,,
MAT LABORATORIO,1099,MEDELAB,MEDELAB,XAXX010101000,,,,,0,0.0000,,,,,,,,,,,
MAT CURACION,1100,MEDICAL CENTER,MEDICAL CENTER,XAXX010101000,,,,,0,0.0000,,,,,,,,,,,
MEDICAMENTOS,1101,MEDICINE DEPOT,MEDICINE DEPOT,XAXX010101000,,,,,0,0.0000,,,,,,,,,,,
MAT LABORATORIO,1102,MEGALAB,MEGALAB,XAXX010101000,,,,,0,0.0000,,,,,,,,,,,
VARIOS,1103,MERCADO LIBRE,MERCADO LIBRE,XAXX010101000,,,,,0,0.0000,,,,,,,,,,,
MAT LABORATORIO,1104,METRIX LAB,METRIX LAB,XAXX010101000,,,,,0,0.0000,,,,,,,,,,,
MAT CURACION,1105,MICROLIFE,MICROLIFE,XAXX010101000,,,,,0,0.0000,,,,,,,,,,,
MAT CURACION,1191,MIGUEL ANGEL RODRIGUEZ MARTINEZ (STANFORD DEPOSITO DENTAL),MIGUEL ANGEL RODRIGUEZ MARTINEZ (STANFORD DEPOSITO DENTAL),ROMM8109299S6,,4622156335,Santander,014222655068829646,0,0.0000,,stanfordirapuato@gmail.com,GUATEMALA,463-B,,TABACHINES,,36615,Irapuato,Guanajuato,México
CALENTADORES,1166,MIRAGE LEON (RICARDO JEREZ SILVA),MIRAGE LEON,JESR861209C4A,,,Scotiabank - Inverlat,044700256048083966,0,0.0000,,mirageleon1@gmail.com,AVE. DEL ASTILLERO,119,,LAS TROJES,,37227,León,Guanajuato,México
VARIOS,1208,MISUMI MEXICO,MISUMI MEXICO,MME171108F3A,,,,,0,0.0000,442-672-7661,cortiz@misumimex.com,AV. DE LAS FUENTES,74,B,PARQUE INDUSTRIAL FINSA,,,El Marqués,Querétaro,México
QUIMICOS,1106,MONDEX,MONDEX,XAXX010101000,,,,,0,0.0000,,,,,,,,,,,
BOTES,1107,MPZ CONTENEDORES,MPZ CONTENEDORES,XAXX010101000,,,,,0,0.0000,,,,,,,,,,,
,1186,NATURAL PLANET,NATURAL PLANET,XAXX010101000,,,,,0,0.0000,,,,,,,,,,,
,1194,NCH,NCH,XAXX010101000,,,,,0,0.0000,,,,,,,,,,,
COMPONENTES,1223,NORELEM,NORELEM,NOR160901DC6,,Elvira Meza /Roberto 444 803 7003,,,0,0.0000,,info@norelem.mx,AVE. SANTIAGO PONIENTE,116,,CIUDAD SATELITE,,78423,San Luis Potosí,San Luis Potosí,México
PAPELERIA,1109,OFFICE DEPOT,OFFICE DEPOT,XAXX010101000,,,,,0,0.0000,,,,,,,,,,,
ACERO,1179,OGMAN TUBERIAS INOXIDABLES,OGMAN TUBERIAS INOXIDABLES,OTI1405237L5,,55 7947 3562,Monex,,0,0.0000,,fflores@grupoogman.com,SAN NICOLAS,2,,SAN NICOLAS,Tlalnepantla,:5403,Tlalnepantla de Baz,México,México
MAT CURACION,1110,OLIVIA RODRIGUEZ GARCIA (GARDENT IRAPUATO),OLIVIA RODRIGUEZ GARCIA (GARDENT IRAPUATO),ROGO640528NS0,,,,,0,0.0000,,,,,,,,,,,
,1178,OPERADORA GINEZ,GINEZ,GAGG561214JP7,,55 8426 4136,,,0,0.0000,,,,,,,,,,,
DISPENSADORES,1111,OVALCOM SA DE CV,OVALCOM SA DE CV,XAXX010101000,,,,,0,0.0000,,,,,,,,,,,
VARIOS,1112,PEDIDOS.COM,PEDIDOS.COM,XAXX010101000,,,,,0,0.0000,,,,,,,,,,,
EPP,1113,PESO,PESO,XAXX010101000,,,,,30,0.0000,,,,,,,,,,,
VARIOS,1214,PIAL700103584,CONPC,PIAL700103584,,,Banorte,072222010054369043,0,0.0000,,,Camino del Baluarte,324,,San Antonio de Ayala Irapuato Irapuato,Irapuato,36600,Irapuato,Guanajuato,México
DESECHABLES,1114,PLASTICOS SAN FRANCISCO ,PLASTICOS SAN FRANCISCO ,XAXX010101000,,,,,0,0.0000,,,,,,,,,,,
EMPAQUE,1115,PLASTIENVASES,PLASTIENVASES,XAXX010101000,,,,,0,0.0000,,,,,,,,,,,
EMPAQUE,1116,POLIETILENOS DEL CENTRO SA DE CV,POLIETILENOS DEL CENTRO SA DE CV,XAXX010101000,,,,,0,0.0000,,,,,,,,,,,
FERRETERIA,1198,POLYSNOP,POLYSNOP,POL970812MN7,,MIREYA GARCÍA 55 2531 6342,,,0,0.0000,,magarcia@rafia.com.mx,INDEPENDENCIA,10,,BARRIO DE LA CONCEPCION,,54900,Tultitlán,México,México
MAT LIMPIEZA,1117,POPULAR ABARROTERA DE LEON S.A. DE C.V.,POPULAR ABARROTERA DE LEON S.A. DE C.V.,PAL000621437,,,,,0,0.0000,,,,,,,,,,,
EMPAQUE,1118,PROCOSA,PROCOSA,XAXX010101000,,,,,0,0.0000,,,,,,,,,,,
FERRETERIA,1185,PRODUCTOS Y SERVICIOS DE ELECTROMECANICA Y AUTOMATIZACION,PROSEA,PSE171020598,,55 6891 1849,,,0,0.0000,,contacto@prosea.com.mx,PINOS,: 3 MZ 20 LT 6,,BOSQUES DE IXTACALA,,52919,Atizapán de Zaragoza,México,México
COMPUTO,1119,PROESBA,PROESBA,PRO870213UF8,,,,,0,0.0000,,,,,,,,,,,
FERRETERIA,1120,"PROFENAL, ELECTRON","PROFENAL, ELECTRON",XAXX010101000,,,,,30,0.0000,,,,,,,,,,,
MAT LABORATORIO,1121,PROLAB,PROLAB,XAXX010101000,,,,,0,0.0000,,,,,,,,,,,
QUIMICOS,1122,PROLIMPI,PROLIMPI,XAXX010101000,,,,,0,0.0000,,,,,,,,,,,
MAT LIMPIEZA,1123,PROLIMPIEZA SA DE CV,PROLIMPIEZA,PRO020416FN7,,442 338 2152,,,0,0.0000,,cpcqro@prolimp.com,Calle Acceso III 16-A 16,16-A 16,,Zona Ind. Benito Juarez,Querétaro,76120,Querétaro,Querétaro,México
FERTILIZANTES,1124,PRONAMEX,PRONAMEX,XAXX010101000,,,,,0,0.0000,,,,,,,,,,,
QUIMICOS,1125,PROSUTT ECOQUIM SA DE CV,PROSUTT ECOQUIM SA DE CV,XAXX010101000,,,,,0,0.0000,,,,,,,,,,,
MAT CURACION,1126,PROVEEDORA MEDICA HOSPITALARIA,PROVEEDORA MEDICA HOSPITALARIA,XAXX010101000,,,,,0,0.0000,,,,,,,,,,,
MAT LABORATORIO,1127,PROVEISA,PROVEISA,PRO1604261R4,,,,,0,0.0000,,,,,,,,,,,
MAT LABORATORIO,1128,QUIMICA 20,QUIMICA 20,XAXX010101000,,,,,0,0.0000,,,,,,,,,,,
QUIMICOS,1129,QUIMICA BOSS,QUIMICA BOSS,XAXX010101000,,,,,0,0.0000,,,,,,,,,,,
QUIMICOS,1130,QUIMISA,QUIMISA,XAXX010101000,,,,,0,0.0000,,,,,,,,,,,
FERRETERIA,1182,R.S. HUGHES CO. INC,RS HUGHES,RSH940913EC6,,"442 240 96 27 , 442 240 9546",,,0,0.0000,,queretaro@rshughes.com,CARRETERA ESTATAL,500,,SANTA ROSA DE JAUREGUI,,38700,Querétaro,Querétaro,México
VARIOS,1224,REJILLAS Y SUMINISTROS INDUSTRIALES MADRID,REJILLAS Y SUMINISTROS INDUSTRIALES MADRID,RSI230609G15,,442 877 9550,,,0,0.0000,,atencionalcliente@madridrejillas.com,PARCELA,192,Z 1 P1 2,SANTA ROSA DE JAUREGUI,,76220,Querétaro,Querétaro,México
EPP,1193,RETRYVER,RETRYVER,RET180801G32,,GERARDO VALADEZ 4621509323,BBVA Bancomer,,0,0.0000,,pedidos@retryver.com.mx,CLOUSTER IND LOGISTICS,19,,OTRA NO ESPECIFICADA,EL ESPEJO,36100,Silao,Guanajuato,México
EPP,1131,RETRYVER,RETRYVER,XAXX010101000,,,,,0,0.0000,,,,,,,,,,,
EPP,1132,RIVERLINE,RIVERLINE,XAXX010101000,,,,,0,0.0000,,,,,,,,,,,
COMPONENTES,1225,RODAMIENTOS Y ACCESORIOS,RYASA,RAC870406P40,,Diana Karen Lopez Juarez  477 304 8564,,,0,0.0000,,mostrador.leon@ryasa.com.mx,AVE. NOGALAR SUR,107,,CUAUHTEMOC,,66450,San Nicolás de los Garza,Nuevo León,México
FERRETERIA,1183,RODAMIENTOS Y REFACCIONES DEL CENTRO,RODAMIENTOS Y REFACCIONES DEL CENTRO,RRC880620LC4,,6272255,,,0,0.0000,,ryrce@yahoo.com.mx,Insurgentes,217,,Fracc. la Paz,Irapuato,36560,Irapuato,Guanajuato,México
REACTIVOS,1133,RODVAL,RODVAL,XAXX010101000,,,,,0,0.0000,,,,,,,,,,,
UNIFORMES,1134,ROPA PERRONA,ROPA PERRONA,XAXX010101000,,,,,0,0.0000,,,,,,,,,,,
FERRETERIA,1135,RS,RS,XAXX010101000,,,,,15,0.0000,,,,,,,,,,,
BOTES,1136,SABLON,SABLON,XAXX010101000,,,,,0,0.0000,,,,,,,,,,,
VARIOS,1137,SAMS,SAMS,XAXX010101000,,,,,0,0.0000,,,,,,,,,,,
MAT CURACION,1138,SEDIMEX,SEDIMEX,XAXX010101000,,,,,0,0.0000,,,,,,,,,,,
,1175,SERVI NEUMATICOS,SERVI NEUMATICOS,XAXX010101000,,,,,0,0.0000,,,,,,,,,,,
ACERO,1139,SERVIACERO,SERVIACERO,XAXX010101000,,,,,0,0.0000,,,,,,,,,,,
,1189,SERVICIO CABRERA,SERVICIO CABRERA,XAXX010101000,,,,,0,0.0000,,,,,,,,,,,
VEHICULOS,1140,SERVICIO CABRERA S.A. DE C.V.,SERVICIO CABRERA S.A. DE C.V.,XAXX010101000,,,,,0,0.0000,,,,,,,,,,,
VEHICULOS,1141,SERVINEUMATICOS,SERVINEUMATICOS,XAXX010101000,,,,,30,0.0000,,,,,,,,,,,
EPP,1142,SESHIR,SESHIR,XAXX010101000,,,,,0,0.0000,,,,,,,,,,,
VARIOS,1143,SORIANA,SORIANA,XAXX010101000,,,,,0,0.0000,,,,,,,,,,,
GUANTES,1144,SPONYA,SPONYA,XAXX010101000,,,,,0,0.0000,,,,,,,,,,,
COMPONENTES,1222,STAUBLI MEXICO,STAUBLI,SME950602KB5,,Lorena Briones 4426126980,,,0,0.0000,,l.briones@staubli.com,CALLE 1,210,9 Y 10,PARQUE INDUSTRIAL JURICA,,76127,Querétaro,Querétaro,México
VARIOS,1181,STEAM INGENIERIA,STEAM INGENIERIA,SIN0201298S1,,33 3115 9690,,,0,0.0000,,jarellano@steamingenieria.com.mx,CALLE PASEO DE LAS ACACIAS,1400,,TABACHINES,ZAPOPAN,45188,Zapopan,Jalisco,México
FERRETERIA,1145,STEREN,STEREN,XAXX010101000,,,,,0,0.0000,,,,,,,,,,,
MEDICAMENTOS,1146,SUFARMED,SUFARMED,SUF09101994A,,REYNA BUENO ORTIZ (477) 761 11 02,,,30,0.0000,,reyna.atencionclientes@sufarmed.com,AVENIDA OLIMPICA,2123,,AMPLIACION SN FCO. DE ASIS,,37294,León,Guanajuato,México
FERRETERIA,1180,SUMINISTROS ELECTRICOS E INDUSTRIALES EN VARIADORES DE VELOCIDAD,SEIVARSA,SEI161114ICA,,55 7811 9045,,,0,0.0000,,blanca@seivarsa.com.mx,Independencia,40,,5 de Mayo,Tecamac,55749,Tecámac,México,México
QUIMICOS,1147,SUPER AEROSOL G2 S.A DE C.V,SUPER AEROSOL G2 S.A DE C.V,XAXX010101000,,,,,0,0.0000,,,,,,,,,,,
MAT LIMPIEZA,1148,SUPER GEL,SUPER GEL,XAXX010101000,,,,,0,0.0000,,,,,,,,,,,
MAT CURACION,1150,SURTIDORA HOSPITALARIA,SURTIDORA HOSPITALARIA,XAXX010101000,,,,,0,0.0000,,,,,,,,,,,
QUIMICOS,1151,SWIPE IRAPUATO,SWIPE IRAPUATO,XAXX010101000,,,,,0,0.0000,,,,,,,,,,,
DESECHABLES,1152,TERMOFILM Y ESPUMADOS  LEON SA DE CV,TERMOFILM Y ESPUMADOS  LEON SA DE CV,XAXX010101000,,,,,0,0.0000,,,,,,,,,,,
TELA,1153,TEXTILES SAN JOSE,TEXTILES SAN JOSE,XAXX010101000,,,,,0,0.0000,,,,,,,,,,,
PAPELERIA,1154,TOTAL PRINT,TOTAL PRINT,XAXX010101000,,,,,0,0.0000,,,,,,,,,,,
MAT LIMPIEZA,1155,TRAPOTEX,TRAPOTEX,XAXX010101000,,,,,0,0.0000,,,,,,,,,,,
MAT LIMPIEZA,1156,TRAVERS,TRAVERS,XAXX010101000,,,,,0,0.0000,,,,,,,,,,,
ACERO,1157,TUBERIA PLACA Y ACERO SA DE CV,TUBERIA PLACA Y ACERO SA DE CV,XAXX010101000,,,,,0,0.0000,,,,,,,,,,,
UNIFORMES,1158,UNITAM,UNITAM,XAXX010101000,,,,,0,0.0000,,,,,,,,,,,
QUIMICOS,1108,UNIVAR SOLUTIONS,LIQUITINT,XAXX010101000,,"T(55) 11070170, Amayrani García 5548339739 amayrani.garcia@univarsolutions.com",,,0,0.0000,,,Av. Xola,535,Piso 6,Col. Del Valle Norte,,03103,Benito Juárez,Ciudad de México,México
VARIOS,1159,UNLINE,UNLINE,XAXX010101000,,,,,30,0.0000,,,,,,,,,,,
MAT CURACION,1160,VACNOR,VACNOR,XAXX010101000,,,,,0,0.0000,,,,,,,,,,,
MAT LABORATORIO,1161,VELAQUIN,VELAQUIN,XAXX010101000,,,,,30,0.0000,,,,,,,,,,,
EPP,1162,VIALYTEC,VIALYTEC,XAXX010101000,,,,,0,0.0000,,,,,,,,,,,
MAT LABORATORIO,1163,VIRESA,VIRESA,XAXX010101000,,,,,30,0.0000,,,,,,,,,,,
VARIOS,1164,WALMART,WALMART,XAXX010101000,,,,,0,0.0000,,,,,,,,,,,
UNIFORMES,1165,ZAOLI,ZAOLI,XAXX010101000,,,,,30,0.0000,,,,,,,,,,,
